username,MeanMoves,StdMoves,MeanEloDiff,WinRate,WinRate_PosEloDiff,WinRate_NegEloDiff,Mean_ACPL,Std_ACPL,Mean_Game_ACPL_Variance,After_opening_ACPL,Mean_Material_Imbalance,Std_Material_Imbalance,FightingCapability,n_loss_games,ComebackIndex,n_loss_games_for_comeback,CollapseIndex,n_win_games
2700172,37.25,15.813496345421738,15.625,31.25,40.0,16.666666666666664,41.63444127713043,15.49752281285424,10375.4591780625,60.7840211680871,0.2003339215652308,0.9097692942261864,0.443703614218402,9,0.1111111111111111,9,0.3333333333333333,6
ab2,32.375,13.657110480136955,-40.9375,50.0,20.0,63.63636363636363,67.65532178261151,29.92437641105633,16658.362732134094,121.31634592270166,0.1340826803106584,2.2136172855458427,0.3943200790778804,8,0.25,8,0.4,10
abun,51.4375,16.997916538995792,-86.0625,65.625,50.0,72.72727272727273,50.03326650654838,23.51716802488589,11244.78973310508,55.87128456397273,0.7386784857034652,2.869780668316784,0.5115985533986517,10,0.5,10,0.1111111111111111,9
adririen,25.9375,10.592253458699586,44.8125,50.0,50.0,50.0,49.98001017501018,21.93266302110237,9127.782658506098,123.99388528138527,-0.0034446242306465,1.0390076591132251,0.2579231436726737,8,0.125,8,0.1111111111111111,9
acewestfall,21.5625,8.294325369391615,69.0,37.5,38.46153846153847,50.0,59.18264695330506,38.00732297578968,11673.001501057275,89.69127680311891,-0.2913692765546555,1.2769517287042995,0.3203988326480037,8,0.125,8,0.2857142857142857,7
aiglenoir,35.6875,17.4459880774922,24.6875,56.25,33.33333333333333,85.71428571428571,50.55217677408364,20.13288397775964,13091.902791713586,65.25225339083528,-0.2441793405859807,1.24481591900362,0.4492910847054185,8,0.25,8,0.1818181818181818,11
aladin86,42.9375,16.58299832157422,94.625,46.875,50.0,0.0,47.59323246420816,17.591327396452,7722.223812756765,44.48230095212877,0.6585429923674112,1.8535559896876448,0.4772884859025069,12,0.3333333333333333,12,0.2222222222222222,9
alamsyahwk,43.375,12.409002108684378,-24.0,75.0,66.66666666666666,80.0,46.05963112009968,19.653395034067387,7494.680112372661,55.58854558884592,0.2376664358374338,1.84937088429728,0.5410526494313184,5,0.6,5,0.1111111111111111,9
alarch,45.3125,19.509719799798937,26.6875,34.375,25.0,43.75,46.13606248801243,22.84171287725822,9573.124041700556,58.42310889862746,-0.0409020954796234,2.491758008439107,0.4615688410547222,10,0.1,10,0.5714285714285714,7
aleksandar974,35.5625,17.866052539196602,-35.6875,46.875,50.0,46.15384615384615,59.14483216294405,22.01598430736805,10452.9910562756,146.33280290426956,-0.1210255708137065,0.8708707700874062,0.4339761504887357,7,0.1428571428571428,7,0.3,10
alexpavloxskiy,45.1875,18.16303480515669,-28.375,34.375,41.66666666666667,30.0,61.92968658806616,13.18155685885666,15771.358444813935,59.30914001218967,-0.1761168446864773,3.796273123936344,0.5519053769642226,12,0.0833333333333333,12,0.4545454545454545,11
alijon,38.75,19.590814173994914,-20.25,68.75,60.0,72.72727272727273,55.5189869887555,20.68859437162462,12074.004114193369,65.44579351158784,-0.5243596349076582,1.9752816817326708,0.4355005352961392,7,0.1428571428571428,7,0.0,9
andrzejrzeczycki,36.125,13.79794670714934,0.25,50.0,55.55555555555556,42.85714285714285,83.44146762720197,30.81283017603899,25832.03454699041,139.0371594425309,0.8174512254218055,1.1339925494507157,0.3772627700746326,10,0.2,10,0.4166666666666667,12
arlequin13,44.1875,19.1736581451393,-86.5,56.25,0.0,64.28571428571429,54.6053519750481,26.832846446566688,13230.223750593364,66.43503355030218,-0.5259530402511365,2.2343932724846227,0.5578005861080918,9,0.2222222222222222,9,0.1,10
aurimas123,25.9375,16.445744130321376,127.125,15.625,16.666666666666664,0.0,98.75260067572609,39.04127815511436,23003.563961078613,125.90186403508773,-1.0315024992305422,3.910092987552689,0.5171752216892799,13,0.0769230769230769,13,0.5,6
badmonkey14,32.75,17.43368387155547,-11.125,37.5,37.5,37.5,82.27893685643112,32.766536094515935,27474.31413583649,192.85507767026857,0.2044077949298592,2.869323038078344,0.5478525809090801,13,0.2307692307692307,13,0.5714285714285714,7
biragama,35.4375,11.552597110606774,29.25,40.625,35.0,50.0,44.71495193507857,18.97868218462976,5780.012355981831,61.539699337373214,-0.3320296242294839,0.5548002117320171,0.2239440419070822,9,0.1111111111111111,9,0.0,5
boskoradic77,37.8125,13.69291179162903,-73.4375,43.75,33.33333333333333,46.15384615384615,42.38337367368069,17.830265358180235,5469.018473553992,43.60691027966509,-0.3749900453942533,2.379969099132746,0.5994862874354135,14,0.3571428571428571,14,0.0,6
carlinhos,40.75,16.510602654052335,29.75,37.5,31.818181818181817,50.0,40.00085448406217,21.477256778082168,7110.995100827587,50.40132207044242,-0.2439123685328374,1.1370148619395717,0.2373730189592575,9,0.0,9,0.2,5
carlo_rossi,31.375,8.88350531415762,-16.4375,68.75,60.0,72.72727272727273,37.704730234339074,28.53540604998733,9983.876894372914,59.04555464045431,0.0960473724827438,1.1154944011691883,0.1956996229309793,4,0.0,4,0.0909090909090909,11
chesslearningpro,31.4375,13.822535946779086,16.625,46.875,31.25,57.14285714285714,63.03420328657009,27.5799050912364,10966.266415459508,67.58945746781954,0.5172680353845764,2.869959347839892,0.5616212899602641,11,0.1818181818181818,11,0.125,8
correa12,36.3125,14.659325814420434,14.9375,28.125,12.5,43.75,74.32418976923938,37.67383321158551,19138.0977852918,106.41528862741268,-0.2538984887987147,2.3303945402259982,0.6536488006406581,13,0.1538461538461538,13,0.3333333333333333,6
crytash,29.875,10.738559804120229,-18.0625,31.25,16.666666666666664,40.0,53.19061065126997,22.25571633485582,8996.261891945327,80.87236335414474,0.9238567422698511,2.188631412679013,0.3605908524450568,8,0.125,8,0.2857142857142857,7
domehugo,38.625,17.173137938847013,53.3125,37.5,41.66666666666667,25.0,55.17117688197472,19.01339611835313,11626.578865754806,74.91846365831329,0.3544692251415414,2.29610008928234,0.5147930737836197,11,0.0909090909090909,11,0.375,8
dr_perdyllo,34.5,18.740330840195966,-61.1875,56.25,75.0,50.0,70.7271842745375,22.303858231011347,16402.764750311515,81.01716786203013,0.0853528063715645,2.063598151268069,0.4925762937314684,8,0.25,8,0.25,12
e_onegin,27.5625,8.854142156828821,-39.4375,62.5,50.0,70.0,48.598753442039886,33.89820472458202,10239.78943836924,79.93383053221288,-0.1153035774199597,2.728029530971627,0.4054994457476726,5,0.0,5,0.1666666666666666,12
entuzijasta,41.25,15.98123900077838,-37.875,46.875,37.5,50.0,33.52597906958231,15.32441822729991,4395.93333670262,41.12609356121559,-0.7258643800248175,1.8055870121560216,0.2832732083671422,8,0.125,8,0.25,8
erkinbaltaev,30.5,10.917875251164944,23.6875,43.75,36.36363636363637,60.0,67.9922562681797,35.06695586949762,23657.253468065384,139.20789251234595,0.4139237443775442,1.66414728004472,0.410461070193905,10,0.2,10,0.25,8
esolcneveton,32.0,17.508093366592874,33.1875,43.75,40.0,50.0,45.72582114971345,25.08811054398539,7163.403757495008,67.75157828282828,-0.1514311057144041,1.352390157447716,0.333839358939311,5,0.2,5,0.3333333333333333,9
filip7,24.9375,11.664583147288203,158.8125,18.75,13.333333333333334,100.0,47.12481125082251,18.2481805960787,8148.553406473249,65.57258969624561,-0.2232710290935597,1.4882835247371329,0.1392595356080931,8,0.0,8,0.4,5
flanks,31.3125,9.720896735041132,20.5625,40.625,25.0,66.66666666666666,80.15864688611575,41.19130639362459,23665.30774349495,67.77953327899887,-0.1241024546278999,4.140173947838488,0.6606085860795872,11,0.1818181818181818,11,0.4166666666666667,12
frenchplay,41.6875,13.016495944249618,-74.875,68.75,60.0,72.72727272727273,53.718790130481246,21.949973346947672,15658.230247420992,105.49238451746054,0.8429419073681659,0.8724871522664807,0.4870495160477436,9,0.5555555555555556,9,0.2142857142857142,14
gaininonyou,31.8125,17.818412761335765,-12.8125,56.25,40.0,70.0,57.26803091976733,18.058407134910578,10730.137040450183,71.09451489533011,0.1532490461229947,2.2036693440733908,0.5210835004667409,8,0.125,8,0.1,10
georgym89,40.625,12.451907484397722,24.9375,46.875,37.5,56.25,48.29016264752826,17.547663310254215,14077.17578536842,72.3867729536259,0.1814820043805896,1.5314912573057131,0.3475963970585844,7,0.1428571428571428,7,0.2,10
goeasyonme,27.0625,13.17304697731951,-6.75,34.375,18.75,50.0,52.68323744920444,31.542033604920693,12781.046805540063,43.07295287433155,0.0857569734204382,7.447687228007678,0.6009882313823932,8,0.0,8,0.1666666666666666,6
greetsenko,30.1875,15.445468591143488,-21.875,62.5,20.0,81.81818181818183,60.62974379880566,32.05305675991617,12606.05965219758,69.14630064924182,-0.4365168355227671,1.7095477693384826,0.518987829738847,9,0.3333333333333333,9,0.1111111111111111,9
gregor_baron,29.4375,16.75696372656256,0.25,65.625,50.0,75.0,61.13644652142937,21.64964499743216,15438.29813710449,81.7671164021164,-0.1977622883573552,0.9856555080850388,0.3889145852605612,2,0.0,2,0.1111111111111111,9
hard2kill74,33.9375,14.72172431023848,120.1875,40.625,38.46153846153847,50.0,64.8487809822554,26.08378721683292,13161.043042326852,122.87028260270196,-0.5144143476944503,2.1431445101221454,0.5062928134261488,13,0.3076923076923077,13,0.1666666666666666,6
henrycas30,32.375,14.60079906489139,47.4375,43.75,30.76923076923077,100.0,88.87113889198584,42.779086526320064,18594.320505482163,69.37897611627368,0.9191050251179738,4.150735897414249,0.6786492989205039,12,0.25,12,0.0,7
howie,29.0,14.75578982411085,-3.0625,50.0,56.25,43.75,59.92724550447837,21.20946604710557,12645.012659393584,92.15881201400938,-0.2392032919386039,1.4166571727769843,0.4017404986203121,9,0.3333333333333333,9,0.2222222222222222,9
huntermind,26.75,9.842086499653751,-29.75,50.0,14.285714285714285,77.77777777777779,75.67738100242794,51.294026853929445,22873.737046191152,105.80107802159527,-0.272059058841544,1.361112025202842,0.2088563932702543,8,0.0,8,0.125,8
ieyteneyer,32.0625,17.12101535151075,-76.9375,65.625,100.0,60.71428571428571,61.262993285276046,29.85286174213247,13573.886688064513,37.962768115942026,0.3516718661243286,2.563373933390294,0.5810749226037735,8,0.5,8,0.0,11
ivorybags,33.8125,12.864518387150502,86.5,28.125,32.142857142857146,0.0,51.30344966696736,31.44011504669268,11356.81336083706,58.40660313113099,-0.0492287811037913,1.214743889271537,0.4610411674579691,9,0.0,9,0.25,4
j434,33.375,16.5282586297932,-12.0625,46.875,64.28571428571429,33.33333333333333,53.8582724357678,24.334461214108966,17015.33073190008,57.2217905690645,0.2994434375060954,1.4283412399150452,0.3485832513283634,8,0.25,8,0.3333333333333333,12
jds62,42.9375,15.364325562809457,-54.0,46.875,25.0,60.0,82.48159432023841,27.41653885815664,25295.745747463498,98.39410014736212,-0.3928585154835331,3.052956981408155,0.5376625532200145,9,0.2222222222222222,9,0.4166666666666667,12
janis112,38.8125,19.25346289199253,15.0,40.625,33.33333333333333,50.0,48.72801658689798,20.440704926741564,8070.746745055887,51.66482296787336,0.1282232430795259,1.04801615457904,0.412327856803752,9,0.2222222222222222,9,0.0,6
jason150789,28.75,19.709557749139545,-45.9375,62.5,50.0,70.0,46.800580095424166,23.964082143756176,12199.419424845402,61.99829642958088,0.0838590409450645,0.9188890143682632,0.4766078777189888,3,0.6666666666666666,3,0.1818181818181818,11
javadseda,48.125,13.778606605894517,-17.375,50.0,50.0,50.0,45.43429401830936,14.676659646522928,5966.450182867528,60.690926236900765,-0.0816653864472613,2.7987599173214983,0.5391047268829763,9,0.2222222222222222,9,0.25,8
jeyhun,29.25,11.3107618369999,41.625,50.0,61.11111111111112,35.714285714285715,56.29286879974675,28.16551427900737,13465.893929284151,44.39807026307026,0.2658817656011935,1.890036268176552,0.3689603092909835,4,0.0,4,0.3,10
josielplens,39.1875,21.924776699737063,-10.125,62.5,57.14285714285714,66.66666666666666,65.22371983362568,30.566854473233565,20787.32858128042,70.48893243165969,-0.0658984211697413,2.280344275606688,0.4651952959148557,8,0.25,8,0.2857142857142857,14
kaktank,29.5,12.38816639647154,70.875,34.375,40.0,25.0,53.599700993501024,27.231587459799563,14855.063230778249,142.53363457809158,-1.3285821926607184,6.088864678651686,0.2571835248464903,9,0.1111111111111111,9,0.25,8
karat23,37.75,19.30284953057449,27.5,37.5,50.0,16.666666666666664,65.065820037674,18.74312070910848,14262.443804822144,45.93851659474129,-0.7419963814269728,4.42875117130575,0.4826418707981556,10,0.1,10,0.2222222222222222,9
kamampla,41.375,21.709828803255604,5.4375,21.875,0.0,35.0,49.45319280055974,22.559428447825624,9281.96808729889,73.28839426624349,-0.2031597654871296,2.388914981454179,0.4854866983020297,10,0.1,10,0.4,5
karasakas,37.5,13.875638123464208,37.375,65.625,83.33333333333334,42.85714285714285,56.77606430864894,22.39377128714712,13931.152760213592,58.211422270459785,0.3289295432966405,2.412196024427544,0.5930402086535718,9,0.3333333333333333,9,0.0,5
kievua,45.8125,24.09486459808397,21.0,40.625,25.0,66.66666666666666,66.11353996368453,38.98864985696364,19570.472253835524,58.3266828642279,-0.5639581816846571,1.7461989465099792,0.383600424160776,11,0.0909090909090909,11,0.3333333333333333,9
komarudin-garut,33.25,9.787747442593728,8.9375,37.5,12.5,62.5,50.24861746756066,18.331118052418443,9624.80789590258,69.51223798021623,-0.3372597171332621,1.21363848304256,0.4346541626791328,10,0.2,10,0.1428571428571428,7
kontrolor,41.375,17.579817974029197,-126.8125,71.875,16.666666666666664,84.61538461538461,39.37798012176216,7.529669748915388,5937.117122219983,57.9872379393966,-0.2450568878862312,1.124416607039118,0.3757733068388806,5,0.2,5,0.0,10
kostandinr,40.75,16.258331197676263,19.25,37.5,44.44444444444444,28.57142857142857,45.03666918248248,25.945437115537853,8021.674444131937,69.95687327342092,0.4593800649978554,0.8946600292499688,0.3247874488372222,11,0.0909090909090909,11,0.25,8
ksv2012,31.875,15.072602075731096,91.0625,37.5,33.33333333333333,100.0,58.00409915756215,27.624016440433728,11455.196404401153,93.43700237670826,-0.6497270620682635,1.370017799554608,0.3881286210778475,7,0.0,7,0.2,5
loginov19510410,42.0625,14.762424146008902,-65.0625,56.25,83.33333333333334,40.0,46.789427991234135,21.804674116737832,11149.317184567277,61.42621724632595,0.0484806717263054,1.1876388229616373,0.2544176002015975,8,0.25,8,0.2,10
lu4ik,39.0,22.981151697278648,-12.5,43.75,35.0,58.333333333333336,67.42242327547828,32.85947230720136,15058.72460957928,51.06355098383789,0.707821257198934,2.8465531941481914,0.5022426026540987,13,0.2307692307692307,13,0.0,6
luciusswartzchild,41.6875,17.453629040021067,10.3125,50.0,55.55555555555556,42.85714285714285,46.892478508525,15.833519065904516,8446.481355612106,45.75600961665834,-0.974406431960814,1.8374702253027733,0.4710302919873617,9,0.2222222222222222,9,0.3333333333333333,9
masonjar,23.375,9.569918146637065,28.1875,56.25,44.44444444444444,71.42857142857143,78.09987815282649,36.17333160135331,16481.637339267254,43.86284722222223,0.1031037897984301,5.0800832422029165,0.4309481894838141,6,0.1666666666666666,6,0.25,12
meteoking,37.1875,20.103793174423576,-32.1875,53.125,42.85714285714285,61.11111111111112,52.017394109730255,19.101984659359616,8788.045966062255,57.92973082614045,-0.4460407986516002,2.9609466069192534,0.5648521966170656,10,0.2,10,0.1428571428571428,7
miloszverka,35.25,11.55566239266851,7.5,46.875,25.0,60.0,83.74225583453173,47.10842206387554,32275.127194687164,122.44940688132417,0.1791330008975279,1.7007531473659017,0.3485831854080958,10,0.3,10,0.2727272727272727,11
mirrorplay,35.8125,14.878255946178635,-33.375,40.625,40.0,40.909090909090914,59.30092302865292,21.72975963384453,12428.428707080124,80.66608401345243,-0.2991742587942019,1.4520506881054671,0.4536472564725989,8,0.125,8,0.125,8
misha19701309,39.5625,17.408690358553685,-73.375,68.75,50.0,80.0,38.699174196962495,15.8330324538144,6182.604100675059,48.3147299953228,0.183091639542585,1.8550506791389725,0.5097611820072717,5,0.2,5,0.0,9
mundo2015,47.875,12.64317997973611,-55.6875,31.25,33.33333333333333,30.0,52.13073521951448,20.6828048323576,10533.418106733854,73.04698054824043,0.4043361979213379,2.2616411294117142,0.5227207874565561,12,0.0833333333333333,12,0.4444444444444444,9
musalger,35.125,18.54678768232745,-4.625,62.5,60.0,66.66666666666666,49.221877595754535,15.713978429480465,8320.901431208906,59.39327314169276,-0.1713233771387879,1.5587994065125703,0.1419182499386602,6,0.1666666666666666,6,0.0,9
narspi,41.5,17.181385275931625,-14.9375,59.375,50.0,71.42857142857143,64.8604528952399,25.4244388785243,17993.90872117198,90.85043801347156,-0.2642035626630922,1.0262001282984656,0.2623398168817494,10,0.3,10,0.3636363636363636,11
napastnik,30.25,8.35463942968217,-76.375,68.75,0.0,78.57142857142857,48.50363685563634,30.956125286218168,10805.551597915504,59.49023426715734,-0.2330482870299897,1.0657295798750217,0.4212663706523978,7,0.2857142857142857,7,0.0,9
nikk53,31.75,13.097073464455075,-34.4375,50.0,50.0,50.0,42.92350473246226,16.93803738959578,6217.954127281297,52.37363127069009,-0.0704371544082051,0.9405265234370164,0.2757865467219167,7,0.0,7,0.125,8
nishi2402,34.5,11.454256850621082,-39.8125,81.25,71.42857142857143,88.88888888888889,55.71274554020663,22.388054596737483,15539.767893025684,73.71175038197097,0.2848294988700811,0.959520558227308,0.5499818803293273,5,0.4,5,0.0,12
onetreehill,27.0,8.024961059095553,53.25,25.0,20.0,100.0,89.02487411144772,41.89949933063451,28367.35533485229,160.96905513468013,0.3263949794033215,2.433593253342121,0.3694439371628541,10,0.1,10,0.6666666666666666,12
pierrot28,26.875,9.142392101268316,-38.875,59.375,25.0,80.0,107.82608141522358,67.6633185105332,35322.04469753522,120.10711973277058,-1.1521278574597051,2.870935864123923,0.5659055611725657,11,0.4545454545454545,11,0.3636363636363636,11
propal,34.375,16.414932226482083,79.625,31.25,33.33333333333333,0.0,67.64189368144547,28.8800774085026,16448.23647339372,87.60154327154328,-0.4315381330163364,2.2145919080188925,0.5360097678451006,12,0.1666666666666666,12,0.3333333333333333,6
ray_suit,36.3125,14.992081243109643,40.8125,59.375,50.0,75.0,85.67419995059338,39.22221965795867,27056.603330952574,81.4881328988472,1.0821509684562185,2.4222659695951125,0.5642009180271023,11,0.4545454545454545,11,0.0909090909090909,11
republican1,40.875,14.347473645210158,101.75,28.125,30.76923076923077,16.666666666666664,62.79169148436304,21.4521656522486,17276.452261384504,61.32144157417599,0.1316144237277118,3.482120884242263,0.5981987537317747,14,0.1428571428571428,14,0.3333333333333333,6
riham321,33.125,14.948244044034068,36.3125,46.875,55.00000000000001,33.33333333333333,46.33513243467579,24.559310941478792,10560.072374007086,130.90997406532796,-0.480806861022419,1.510785033773598,0.2559881220612982,6,0.1666666666666666,6,0.1428571428571428,7
riodem,45.375,22.77388855685388,66.1875,37.5,27.27272727272727,60.0,65.662941982808,22.480224054014336,15559.931162703822,91.98383697297618,0.6597060201131882,2.528968289030933,0.5167641379089739,12,0.25,12,0.2857142857142857,7
rustyshackleford,35.0,12.38816639647154,25.1875,46.875,40.909090909090914,60.0,60.05196760317624,28.179326288563377,14227.12214970929,98.97786626044194,-0.2871722947204093,1.043519801225852,0.2952750102627051,5,0.4,5,0.1428571428571428,7
sanch,28.625,10.320691191323704,60.625,31.25,22.22222222222222,42.85714285714285,67.8758757836942,38.20997722944691,19226.07717330525,70.06321490686815,0.2702706011473601,2.6458210091642185,0.4477657271306519,12,0.0833333333333333,12,0.2,5
schwert,34.6875,14.849102105290184,-55.5,43.75,25.0,50.0,55.96561560701851,24.12145944068771,13189.589584065552,64.03458155958155,0.2687816956740866,2.821837531609654,0.3674546917447653,11,0.1818181818181818,11,0.25,8
shahmat2015,36.5625,12.633124448580933,2.375,50.0,37.5,62.5,54.16346763095648,31.22340972478117,11810.324369100572,49.25497056616919,0.6081340449740792,1.9451151623482863,0.5678794419041152,11,0.2727272727272727,11,0.2222222222222222,9
shahnam200,36.75,12.917688131653692,12.1875,43.75,33.33333333333333,57.14285714285714,64.20156768880162,29.95392552527205,19807.84099723388,79.25785593663302,0.3673490802143665,3.3170283328425816,0.630013294324589,12,0.25,12,0.25,8
shestopalov,30.5625,15.283842230713237,102.25,34.375,34.61538461538461,33.33333333333333,86.34363629851696,44.86020823795257,33603.541003387145,48.60426757220236,-1.1400707678185298,4.68741998642112,0.6881280206562042,15,0.2666666666666666,15,0.0,4
shok33,36.875,14.800337833982034,16.375,50.0,25.0,75.0,51.5862044792361,15.960611436895135,8659.556363995294,56.80917707874528,-0.4491832002184219,2.124057892825148,0.416558751834457,8,0.125,8,0.3636363636363636,11
siavashhuman,30.875,15.42238632637635,121.5,37.5,40.0,0.0,47.65948443230965,17.60097913141217,7514.087564477162,66.55653513153514,-0.0259211278656842,0.8902552330302121,0.397492563388143,13,0.2307692307692307,13,0.2,5
siberia_n,25.1875,14.616058520225849,-96.75,78.125,0.0,83.33333333333334,66.77977394251724,32.05019265122352,14630.686789823849,73.73075396825398,0.1424274498714312,2.5886569310897216,0.388126026272578,4,0.25,4,0.0,12
snowden,32.0,11.809600614189568,-67.75,59.375,90.0,45.45454545454545,62.43833510681313,25.075538673076974,12440.306261949949,83.61733012358012,0.3482345642193192,2.0654232728548,0.3396924416017655,7,0.2857142857142857,7,0.1818181818181818,11
stojanovic_s,30.8125,11.617336183480273,57.6875,50.0,36.36363636363637,80.0,50.57457366533069,18.98093956099305,7567.930898873986,50.08943546034339,-0.1720700556966791,1.5001468825934356,0.3567330061018711,5,0.0,5,0.1428571428571428,7
tempochess,39.5625,13.836997506684751,75.9375,15.625,10.714285714285714,50.0,53.21566562102641,12.901731917695065,10538.677366316384,67.15914409737906,-0.2003424719214469,0.7436897633741408,0.3209531438123778,10,0.0,10,0.5714285714285714,7
tjk125hqf,34.125,13.139634698118511,-71.9375,46.875,50.0,46.42857142857143,40.03994186824537,18.753821061759453,5025.16012670364,73.37773595685361,-0.0695704241356784,1.529864109572879,0.5176584869426168,9,0.2222222222222222,9,0.1428571428571428,7
txarusek,34.4375,15.709736895738684,-98.375,56.25,100.0,53.333333333333336,60.44811910984398,23.835683822821707,14261.764443943552,65.15241668616964,-0.2945068418162314,1.5145840437271565,0.3872644863359811,7,0.1428571428571428,7,0.3076923076923077,13
talion90,33.0625,16.282787435407574,-45.9375,75.0,100.0,69.23076923076923,75.39479631552497,26.991450126593183,22436.756514978028,98.74225858290734,-0.4656636951801732,2.469310612579909,0.6583648595540148,9,0.6666666666666666,9,0.1538461538461538,13
thesherif,26.9375,10.908521134110403,-67.25,46.875,37.5,50.0,41.63598735671087,20.12100802227509,4873.977700623741,32.85260197129762,-0.6498906363863399,1.4213128880191197,0.3680137743028857,7,0.1428571428571428,7,0.0,6
threefoxes,25.875,15.555813489925022,-26.3125,43.75,50.0,33.33333333333333,64.70745650821512,29.077668952566107,17925.211742252883,96.8659290890269,0.7278792187413514,1.784228417995784,0.4608095518613735,11,0.2727272727272727,11,0.0,5
tramtararam,30.6875,13.229858905773208,108.8125,34.375,39.285714285714285,0.0,70.76341695782236,40.00425597375363,25920.098607647305,124.88525294093382,0.3505877744102958,1.6003088097429723,0.4695787378618655,10,0.2,10,0.25,8
vanraj,30.875,8.632303670901914,-39.625,31.25,25.0,33.33333333333333,44.34593394330822,23.84497687205949,6372.266297579525,70.40107709750566,-0.5368301009525429,1.6807097436221694,0.2887471026133273,10,0.1,10,0.2857142857142857,7
vasya_herov,30.8125,17.444077313900365,32.25,53.125,75.0,16.666666666666664,38.1845399902611,17.782906694472643,6344.57464391438,61.54210939931528,0.3562057089972273,1.1479348741942763,0.3616893211692553,7,0.1428571428571428,7,0.25,8
wowa89,29.6875,12.96003472217571,-2.8125,71.875,64.28571428571429,87.5,59.45604623313797,30.831541990199263,12905.048148040218,78.95341038111025,0.1044143042037216,2.766545988630833,0.4145230251806955,8,0.375,8,0.0909090909090909,11
zma,37.375,12.769103335786737,88.375,50.0,42.85714285714285,100.0,46.99671041606227,16.83695789838724,8143.803620031723,55.68665060429766,0.2292186607406127,2.3814283946981365,0.5890301277660707,10,0.2,10,0.0,6
ziyizhang,36.625,14.495401569693287,86.8125,28.125,32.142857142857146,0.0,61.91591807408047,21.51771523749016,15141.150522849468,65.07048342216002,-0.1886982710599474,1.4827874514858883,0.3863664313354686,12,0.1666666666666666,12,0.2857142857142857,7
zolap,38.3125,17.58301737472838,-59.375,40.625,50.0,38.46153846153847,41.00540668485129,18.37065983718995,7963.082662082627,71.37716561088772,-0.5483035450851073,1.2298681396722837,0.4275741623944561,9,0.0,9,0.2857142857142857,7
abracadrabra,38.0,15.620499351813308,-15.0625,43.75,42.85714285714285,44.44444444444444,51.39259793132122,20.001390853805304,9465.23277207883,64.30966528609191,0.14705099510889,0.8813144270759924,0.2121608849109674,8,0.125,8,0.2857142857142857,7
abuz,33.125,16.11159003119597,-77.5,75.0,50.0,83.33333333333334,59.36430051862405,22.799995312429907,14885.150593537666,89.44720020583992,-0.4865510463568874,1.3361753675440209,0.2457837301587301,4,0.0,4,0.1538461538461538,13
acaya,37.25,16.233709783451637,24.5,81.25,88.88888888888889,71.42857142857143,49.99290089801715,29.52521380104453,13456.768193996792,68.80622389306599,-0.2286123209718351,2.5629419734440724,0.2789955604883463,2,0.5,2,0.1818181818181818,11
aerdna87,29.6875,11.073805428427333,73.1875,18.75,16.666666666666664,25.0,76.36557095432407,42.76555896940347,22723.093030924345,111.16920786397162,0.8430249965129673,6.058782274836324,0.5810110186803447,16,0.1875,16,0.25,4
aiutoooooooo,38.0625,14.72172431023848,-74.375,56.25,33.33333333333333,61.53846153846154,38.706243491754506,13.230271241201068,7457.534660897028,55.22279525042938,0.0758452631042345,1.101269261449015,0.3663438967727038,5,0.2,5,0.375,8
alexey561,32.5,12.12160605420475,76.125,18.75,15.384615384615383,33.33333333333333,74.61706675072504,22.910971977157864,17686.052488248944,58.115167234889846,0.5459125890062959,3.5314358117598297,0.5273095572944283,14,0.1428571428571428,14,0.25,4
ali110,33.1875,10.29704650211247,25.5625,50.0,30.0,83.33333333333334,54.59767055374384,20.5267416262405,8649.117899730378,67.9925441524038,0.1409050550421535,1.9541054359849128,0.3283002454447895,9,0.2222222222222222,9,0.3,10
amantai6969,35.5,16.737184151861786,-27.875,50.0,71.42857142857143,33.33333333333333,54.29006573739773,18.57464325308443,9434.553330680565,63.64241148705434,-0.2421900418285322,1.5432772518897395,0.4690883751287866,12,0.3333333333333333,12,0.125,8
anikulapo8,39.1875,14.48778220892809,-24.6875,43.75,28.57142857142857,55.55555555555556,57.99631030174461,25.592704403942733,12009.258672269676,71.20607057734385,-0.1741005187380208,2.014281932582024,0.4547540784579889,10,0.1,10,0.1428571428571428,7
apple-1,36.8125,16.240766607521948,-18.875,62.5,57.14285714285714,66.66666666666666,31.559320412917835,21.72558258125326,5863.556011414784,43.011334287988696,0.1244260150556604,1.319511340510973,0.2898804229088639,4,0.0,4,0.0,7
arlequeen,25.375,12.38211075167181,82.9375,62.5,66.66666666666666,0.0,85.13626607428333,34.39955080606233,19101.02268365574,144.2754347826087,0.106579998050269,1.555189743556816,0.3493960407192977,9,0.4444444444444444,9,0.2,10
ayahari,33.0,12.889272024956774,-18.75,68.75,25.0,81.81818181818183,64.8146990356619,19.70307620160804,10797.810879945791,86.69167869207475,-0.6712498663332875,1.4149082682824596,0.5107124655902284,9,0.4444444444444444,9,0.0,7
azuaga,44.0,15.509137091835036,-6.375,34.375,28.57142857142857,38.88888888888889,50.9112529382727,22.663274803807088,11893.5633079216,65.46957848218169,-0.0374287312455488,0.8888850318882869,0.3300659391987645,12,0.25,12,0.3333333333333333,6
babakvos,31.9375,12.422929069533753,-31.875,56.25,40.0,63.63636363636363,60.82080575133468,25.67002344713572,13193.638722959611,68.09207585319308,-0.0600270141316807,2.69934442926364,0.5818390350977852,14,0.5,14,0.1428571428571428,7
bamamatt,33.0,13.038404810405298,2.8125,56.25,33.33333333333333,85.71428571428571,60.03798003659769,19.73150326659383,10711.452739377097,67.51345237191103,-0.7173985720447186,1.7056333032601714,0.2787004088269911,6,0.0,6,0.1,10
baris200,32.4375,11.236658756053776,-57.875,62.5,16.666666666666664,73.07692307692307,54.51675431974348,25.244101590141973,14065.915969845742,75.45868262022158,-0.135410759621593,1.1290723484423566,0.148072819783346,5,0.4,5,0.25,8
bastianmunz,36.125,11.5,-12.75,43.75,33.33333333333333,57.14285714285714,58.43825911938349,16.30774957353634,16458.19350718648,88.03305383520251,-0.7048264542343545,1.6623522633895322,0.3426754174040993,10,0.1,10,0.2222222222222222,9
bayramov67,35.375,11.797598625709105,54.0625,31.25,18.181818181818183,60.0,62.34276787529991,28.97844168589969,17807.57783043707,96.2844879999502,0.569477549298289,1.989860584865695,0.4414767814412143,12,0.25,12,0.0,3
bbuccianti,32.0625,14.419749188757295,-27.4375,31.25,33.33333333333333,30.0,64.43125340480604,32.33023119617802,15134.483233262295,85.89871435753788,0.3854606268243201,1.274926622809786,0.3291712650631252,11,0.0909090909090909,11,0.5555555555555556,9
bhram1345,45.5625,18.846639841980675,-20.1875,59.375,64.28571428571429,55.55555555555556,56.468146879034094,23.808176817372043,11781.852493741815,65.28980188165411,-0.1225767078716071,1.3763518330642175,0.413380241885914,8,0.125,8,0.0909090909090909,11
bigbo,23.6875,15.65766585414314,119.375,31.25,30.76923076923077,33.33333333333333,80.49546498387667,32.00796001603102,25981.251443628506,84.99872126229033,-0.5645786319646624,3.685469406876776,0.4547125746850464,7,0.0,7,0.5555555555555556,9
boridania1,42.1875,20.84936050178358,47.9375,37.5,18.181818181818183,80.0,60.80621434759003,29.766184198643955,12894.05194146532,68.69445789381145,0.762390026453839,5.1577480037327135,0.7004557622839367,12,0.1666666666666666,12,0.1428571428571428,7
brodski,33.875,10.190682018393076,-79.5,65.625,16.666666666666664,76.92307692307693,38.26465617895823,15.211047901393773,4799.166192312212,42.14307378212976,-0.2547013006535814,1.2166250188273822,0.4334423735131863,5,0.2,5,0.0,9
budimarsel,30.9375,11.72159687642146,-49.75,37.5,50.0,33.33333333333333,58.27479601143935,25.125342091695995,6991.51533673601,78.14111378719981,0.104844800501086,1.8713248519023693,0.4108115477059225,9,0.0,9,0.5,6
byrlk197171,44.4375,18.860783829593792,62.5,40.625,37.5,50.0,63.75896118005242,23.14921137148469,17766.16935349632,82.36147752907381,-0.664485921930421,2.6060241578587497,0.5189965548634095,9,0.3333333333333333,9,0.4,10
carabus,39.125,20.71674041284809,87.6875,59.375,57.692307692307686,66.66666666666666,63.761459148359485,25.12516468662388,13298.763033608297,105.318934845928,0.1713100579765954,2.3482455564033726,0.4113852264730936,4,0.25,4,0.25,12
celiktas69,39.375,18.416930616509728,-40.125,46.875,43.75,50.0,42.40488072015884,21.43760451300936,6577.355603066358,42.76838897621094,0.7944135515721319,1.3158471941147305,0.5248316502162901,10,0.2,10,0.125,8
ch1ll,27.5,11.7983049630021,-74.625,62.5,75.0,58.333333333333336,62.42989759634405,38.965332119172245,15828.796523258825,101.2402886002886,-0.1231998851155863,1.2572036056487912,0.3589171618936765,5,0.2,5,0.1,10
chk282,33.5,19.043809142780933,-54.0,34.375,50.0,32.142857142857146,68.11820554764982,24.649993933525288,23265.27761846346,177.36645495500974,-0.0592586758082491,0.4913639127343168,0.259442213719986,11,0.2727272727272727,11,0.5555555555555556,9
chostar,35.5625,12.543092388508772,45.0,25.0,15.384615384615383,66.66666666666666,64.52107693252027,24.89085014247594,11762.813343811738,58.71465111837782,-0.3019637399483919,1.4838117922845115,0.519128309388979,14,0.1428571428571428,14,0.3333333333333333,6
cipo1951,31.375,12.976260375521653,-65.4375,56.25,50.0,58.333333333333336,54.68842758823569,25.357178319055453,11138.039486573003,60.15293803418804,-0.150097370634379,1.5872121570557425,0.4903034119044107,9,0.2222222222222222,9,0.125,8
clakos,30.9375,16.84228309939006,10.4375,46.875,16.666666666666664,85.71428571428571,71.8508101378456,25.42373124843185,17507.9118538561,73.6621876453005,-0.0158280153274175,2.4780488380599346,0.4444778827314878,8,0.125,8,0.1111111111111111,9
comaturbo,39.0,12.296340919151518,30.375,50.0,50.0,60.0,67.85655967116021,30.949224327325883,18169.221565929463,82.40468682504576,0.3780985366348302,2.3791110063112773,0.604673738271833,13,0.3846153846153846,13,0.0,8
conan66,25.3125,10.983131004712028,77.125,31.25,20.0,50.0,80.13387411148035,25.86354418428299,15547.12995651244,75.13982056590754,0.3029411022856395,3.0881445849019213,0.7652256195246628,15,0.2666666666666666,15,0.25,4
d4c6,34.75,17.665408760248564,16.4375,50.0,33.33333333333333,71.42857142857143,54.58628614798904,20.55452827283198,11313.437762347958,65.73268510302672,-0.4367155965276499,2.1566031193732864,0.3334202571304437,5,0.2,5,0.3,10
da8eat,37.5,17.88481665174867,69.3125,25.0,20.0,33.33333333333333,65.41612071828487,33.32625419815948,18052.77178421191,53.873419726317245,0.1666297580723162,2.172946922602632,0.5657690659121629,13,0.2307692307692307,13,0.5,4
daniel113,30.3125,13.602542654469664,58.9375,40.625,44.44444444444444,35.714285714285715,62.47784033051453,32.70227495767869,16900.076173636135,127.151278490568,1.274812146052581,2.4442045545123565,0.483969884127458,11,0.0909090909090909,11,0.1666666666666666,6
davud115,28.5,12.89961239727768,25.625,25.0,11.11111111111111,42.85714285714285,41.13733711219837,21.293022877713085,5683.54062201929,48.89601936525014,-0.1700538913845199,0.7231561845059556,0.296248706142071,8,0.125,8,0.2,5
davud1366,34.9375,11.744324870620137,74.125,31.25,28.57142857142857,50.0,59.52716827399216,34.54403827075742,11339.315693128448,45.019758019758015,-0.2118014580854209,2.115395372130504,0.6193357528413099,13,0.2307692307692307,13,0.4285714285714285,7
dinar75,35.0,19.169420092080685,66.1875,37.5,27.27272727272727,60.0,68.45731481465891,24.499766673421664,16480.765598939237,65.65807354097583,-0.0188774733755891,1.638265706304484,0.4581793567634549,13,0.2307692307692307,13,0.3333333333333333,6
dochare,34.125,14.591664287073858,3.875,62.5,61.11111111111112,64.28571428571429,82.0043320698927,43.58341296688585,28962.770808767986,99.71781355540242,0.7884220793865468,1.8481261809098928,0.6485207182339388,11,0.3636363636363636,11,0.0,11
dodofish,28.875,17.80964158351687,7.0,56.25,55.55555555555556,57.14285714285714,69.25786958291958,33.66950991855753,15532.872787327542,82.00813527431175,-0.0660654303857911,1.9478095493483696,0.2673114856213447,5,0.2,5,0.3333333333333333,12
dweeb,40.25,13.911625833572916,23.0,50.0,40.0,80.0,64.02487162641431,31.175053043827283,19258.09195325796,103.50730857785544,-0.0323976319597595,1.9451973524613788,0.3079518729570954,10,0.4,10,0.3,10
eurekajeye,37.9375,13.61111678004417,-47.0625,75.0,66.66666666666666,80.0,40.77424093495532,13.709030874385109,6162.546947795023,53.77120666810311,0.0315251282050145,1.3551677738648846,0.4029993250847998,7,0.4285714285714285,7,0.0,11
fantasmadecarretera,32.25,13.122499761859398,95.875,40.625,34.61538461538461,66.66666666666666,93.28192511719976,37.78701193183979,28628.836382198217,94.82481772613352,-1.1536419848469146,4.666585900747719,0.5495578719250696,13,0.2307692307692307,13,0.375,8
fightofknights,33.375,14.8453135141476,-51.6875,56.25,66.66666666666666,53.84615384615385,50.27544189700783,20.16160326283299,10975.60898344381,80.45355541046375,0.1626918813882601,1.115063040959032,0.258758547623209,7,0.1428571428571428,7,0.25,8
franco84,23.5625,7.606740432011597,42.4375,56.25,40.0,83.33333333333334,87.71134334056202,37.8195785190476,22463.56926049405,99.77527657527656,-0.2804258680402319,2.467855675739027,0.5283490510964042,9,0.2222222222222222,9,0.125,8
geek46,21.1875,8.076457556792251,32.8125,37.5,55.55555555555556,14.285714285714285,73.35420155699293,33.129469973480624,17067.06683665839,75.15851449275362,0.0194074529190115,0.8183955226652064,0.3648444127556486,10,0.2,10,0.6666666666666666,6
gena1935,42.625,17.869433865309404,52.25,43.75,36.36363636363637,60.0,47.56939490339395,26.87083187105121,7081.774129957731,52.86429953773112,-0.0718153807852293,2.0389405091125905,0.6121069204007614,11,0.1818181818181818,11,0.0,7
genoreling,31.0,12.878923350446136,-49.75,68.75,50.0,80.0,73.69203816146437,20.66014285600508,21163.218819485817,81.83125617496806,0.6506172227169327,2.378586194283133,0.3122767145135566,6,0.3333333333333333,6,0.2307692307692307,13
gh1974,47.6875,16.80761236265679,-39.875,75.0,64.28571428571429,83.33333333333334,35.66479195610809,13.50800460640508,5122.904357653831,33.06929546251876,0.1884443694025259,1.324807249016786,0.5968522565319357,4,0.25,4,0.1818181818181818,11
gilles614,39.0625,17.070320246947134,18.4375,25.0,20.0,33.33333333333333,64.28082839147511,26.74814978920727,12378.3113851442,84.93633826811964,-0.0431362864747917,1.128820303712088,0.2329046751531693,9,0.0,9,0.5555555555555556,9
girat,42.6875,13.128689957493856,-38.125,71.875,50.0,79.16666666666666,44.5738850101414,15.24777959940633,5991.956530521902,55.36561563984963,0.2459984539553281,1.4364783890787756,0.6171359551242279,8,0.375,8,0.0,11
grug84,30.875,14.82733961302566,7.625,62.5,62.5,62.5,72.77282738126978,29.19983702296057,17472.35694136498,145.89034845603388,-0.1568792396608233,2.8037779079076666,0.3002960947416643,7,0.2857142857142857,7,0.1,10
heliodon,37.4375,15.90374693795983,-54.875,37.5,20.0,45.45454545454545,60.49916191977495,25.09062158636137,15118.617023720812,87.6326063694842,0.3327490761916016,2.8452926932560234,0.5703319253025807,13,0.1538461538461538,13,0.2,5
hellyhan,41.625,18.44225221242424,2.0625,62.5,75.0,50.0,48.4782323692311,23.22230715230527,18531.71995925888,63.48368913112746,0.1187738228927564,1.8025269344670969,0.2979618056840009,6,0.1666666666666666,6,0.2307692307692307,13
hesa,34.3125,12.990862173081505,-64.0,65.625,75.0,60.0,51.48082543322567,30.19676168012848,8594.545938383506,67.12605596506896,-0.7292936816712031,1.3136374191355362,0.511441081010753,8,0.25,8,0.0,6
hoho,41.8125,13.472038944916,-43.0625,37.5,28.57142857142857,44.44444444444444,53.98562697326345,24.9891073580658,9366.247372637825,57.49422687914281,1.245837238969284,2.490920520560231,0.4724367652898261,12,0.1666666666666666,12,0.2857142857142857,7
hritic333,35.125,17.362315513778686,-36.9375,43.75,38.88888888888889,50.0,47.8954188456891,15.121332859716723,8791.536900155277,56.47799558041493,-0.0768040258152499,0.7370157936060889,0.3021182699462892,9,0.1111111111111111,9,0.0,6
hujzadminem,28.9375,10.414533114835251,-25.25,65.625,75.0,60.0,45.27274457237079,19.51905301531525,8404.410968195318,56.80622308247308,-0.0389700349713923,1.0532780373448067,0.2684210526315789,2,0.5,2,0.1538461538461538,13
idestiny,22.375,10.203757477844457,7.3125,56.25,50.0,62.5,97.95989009254455,47.24413949969524,39453.811685849774,154.99501319758673,-1.3761980254804844,2.1601486122889506,0.3954976344801625,9,0.3333333333333333,9,0.2727272727272727,11
ito0ns,37.8125,14.989857682224118,25.5625,34.375,25.0,43.75,85.83042216041434,42.97074457864709,30317.9685837314,120.25608484867384,0.8561596852876625,4.046708205114771,0.7576894310372894,12,0.1666666666666666,12,0.3333333333333333,6
ikl3,34.0625,17.83804454903433,62.4375,50.0,50.0,50.0,54.78151794728487,21.79018013628911,12103.059644648663,141.34060094997594,-0.2773301317212414,1.433824818000437,0.4575563581737165,8,0.125,8,0.2,10
ilkerozyurek,38.3125,14.453229166291294,-9.125,56.25,37.5,75.0,55.581486022819504,25.926792389910617,13566.479744740544,57.86238510281989,-0.1053907249414978,1.6326232740037567,0.5517703598411107,10,0.3,10,0.1,10
inthebighooy,31.1875,14.661599503464824,42.0625,62.5,63.63636363636363,60.0,58.28713131075406,22.560344670922223,10780.74706308123,81.24778097719276,-0.0425921479635986,1.1829990360624565,0.3456345032815621,5,0.2,5,0.0,9
irakli-chanti,44.6875,20.03569730921953,14.75,31.25,25.0,37.5,50.55016313167197,22.69522491773764,10555.304709768276,61.18086180717148,1.1182467937586027,2.716112228937078,0.5175149629348222,14,0.1428571428571428,14,0.3333333333333333,3
iran000iran,31.25,18.65297116636739,22.125,46.875,50.0,40.0,50.284167820102944,30.13760880589809,9471.327876791762,56.07837197159565,0.4267764304186727,2.1904916364344773,0.5946489776553356,9,0.1111111111111111,9,0.0,4
itedcatur,40.8125,21.71395480637586,-66.9375,56.25,37.5,62.5,42.57357675735658,22.40787176951443,9093.213080729502,49.46602129351309,0.4979505906915071,1.072935716617847,0.490964928284483,10,0.2,10,0.3333333333333333,6
itsmagic,39.1875,17.255796127678376,-29.5625,62.5,60.0,63.63636363636363,31.42617555065662,18.904534791009475,4312.854952516103,62.921783015878034,0.2885091373907302,1.0856356275226458,0.4927684713731625,4,0.0,4,0.0909090909090909,11
izzyreal,36.6875,9.700300682624912,88.3125,31.25,33.33333333333333,0.0,62.09915283291949,27.538891249304484,14482.898076442012,77.02363331452005,-0.0954917959745757,2.607040284040594,0.3019689162647633,6,0.0,6,0.5454545454545454,11
jafar-mohammadi,33.125,12.371337841963577,-75.0625,56.25,33.33333333333333,61.53846153846154,52.59953946702823,14.327951892854191,9677.193218569486,91.98840437340436,-0.2471848749015935,0.9414355987565208,0.243344699103213,5,0.2,5,0.1666666666666666,6
jebisesome,34.9375,14.557787148693537,-110.25,56.25,50.0,57.14285714285714,52.30950096886569,17.737840820280365,12176.247040346769,101.14436775664598,-0.0333968784351,2.101025308747028,0.4761847603256507,9,0.4444444444444444,9,0.25,4
jfsurban,35.0,18.213548070964464,65.1875,50.0,41.66666666666667,75.0,45.472554805791646,18.19067052833456,8265.419239899602,65.44951464598203,0.3861506108908835,0.8760676756788301,0.2845802521667369,7,0.1428571428571428,7,0.1111111111111111,9
jiyar,42.1875,15.565854725434557,-41.875,65.625,70.0,63.63636363636363,58.58548950300897,23.78069384026057,12589.381053870864,75.26043832944819,0.8194872247202787,2.049918475152096,0.5245519484801616,12,0.5,12,0.1538461538461538,13
jmaltby,31.9375,20.696114772262607,25.1875,28.125,35.0,16.666666666666664,67.91301991737164,36.96938333671774,16251.018739605532,65.66024484980181,-0.4674617656845549,2.027362008445197,0.4660474495444981,13,0.0769230769230769,13,0.4285714285714285,7
jones007,38.3125,14.920762938491674,-122.625,81.25,66.66666666666666,84.61538461538461,48.70598877519683,16.63308873343579,9212.85244681476,44.21491549191048,0.308385958656272,3.324559638130596,0.4551673932324903,7,0.5714285714285714,7,0.0909090909090909,11
jonwlo,32.9375,11.693124760587594,-28.5625,46.875,66.66666666666666,35.0,66.54610719681337,23.80113670474954,19864.83643922685,75.5424122174122,1.277530805606632,3.094797420981396,0.5956164719035116,10,0.2,10,0.3,10
jorgeucla,31.5625,14.85471305680456,10.5,34.375,20.0,60.0,38.002987196646615,21.745751987618,5044.475798085483,39.56692104192104,-0.0920109859587019,1.2978317671167796,0.2862578870532523,6,0.0,6,0.375,8
junker,31.9375,16.26640197872084,5.25,46.875,42.85714285714285,50.0,57.13335340398076,45.06743937753679,17254.122838086576,53.76752344877344,0.0695028767989335,1.3298001753616453,0.3684694681972119,6,0.1666666666666666,6,0.3,10
justmarionette,34.9375,19.847648895188232,49.125,43.75,20.0,83.33333333333334,62.680332267751766,33.451541494913464,17969.69023952015,91.11313676503131,0.313741089474571,1.7059394272348172,0.4291653530884374,9,0.0,9,0.1111111111111111,9
karabas,31.6875,17.133665690680438,45.9375,31.25,30.0,33.33333333333333,49.8013020527837,22.218971421073743,6044.313206854974,60.19374804824805,0.0032339691065645,2.2785908597512017,0.3833624872840559,9,0.0,9,0.2857142857142857,7
karavidas,34.75,14.991108475804358,-71.5,59.375,50.0,65.0,43.42676690138277,26.58874569537658,6965.073330708355,115.207057532609,0.3989318069649841,1.8201878970420675,0.241274029727823,7,0.1428571428571428,7,0.1111111111111111,9
kavilla24,33.3125,17.613323555384618,28.75,62.5,60.0,66.66666666666666,50.19538659025881,21.95376379763308,8366.905948181682,59.63376155840659,-0.0746050462012665,1.766668368853986,0.2642279143157106,4,0.0,4,0.2727272727272727,11
kazimir,32.0625,14.1913999779209,-24.6875,75.0,66.66666666666666,80.0,55.040987946063794,28.090719036768057,11280.67879159475,85.66000019665437,1.664072620439179,2.279567066506348,0.4544616669331,8,0.5,8,0.0909090909090909,11
khan,31.8125,13.570648473820254,62.6875,50.0,54.54545454545454,40.0,68.65378578117297,34.23464682987401,18358.43561619012,63.70451991111412,0.054771765647988,2.3121224491091232,0.4910175616455827,12,0.3333333333333333,12,0.3333333333333333,9
kiatkiat3,33.1875,16.72610235530083,82.9375,46.875,53.57142857142857,0.0,59.32139151260933,28.52620396268011,15824.365747833064,54.26720269316131,0.0013241677354922,1.9664369915019029,0.5906050549126048,6,0.0,6,0.1111111111111111,9
kindruk,31.9375,15.648082949677892,-14.375,62.5,50.0,70.0,59.52300708226905,32.06342406638573,10254.481813355576,76.19550251300251,-0.6271421392849765,1.7806318328065194,0.3839968511021143,3,0.0,3,0.0,9
kinglib,37.6875,18.28922724811886,-52.8125,59.375,0.0,60.71428571428571,79.0857195445603,26.523261348938146,17114.456834099798,107.5238950961157,0.6459428707939294,1.6304555350351784,0.5251154120096316,11,0.2727272727272727,11,0.0,9
kirylb,23.5,9.49385766342288,4.875,46.875,16.666666666666664,85.71428571428571,66.20077617022353,39.926502303559474,17366.659361132766,77.72218614718615,0.260178824854723,2.197997880376951,0.2380330086580086,4,0.0,4,0.3636363636363636,11
kiskorovas,25.25,10.816653826391969,106.5,25.0,21.428571428571427,50.0,85.85465828394486,38.326463902565365,23813.52388004119,170.63789068258885,0.4188248679665955,2.243417126467828,0.4834281385107047,15,0.2,15,0.25,4
kyriakos1301,27.0,14.908610487455451,14.0,28.125,14.285714285714285,38.88888888888889,60.48024125367138,21.471107716832428,17581.243519822034,78.08873456790123,0.132426476339591,1.5281528198876475,0.2714815870811402,11,0.0909090909090909,11,0.0,5
likewat,31.375,18.003240449059906,-142.125,68.75,100.0,66.66666666666666,52.78120402103316,22.36059367355329,15496.17450756469,136.24024142241458,0.6126786527899426,2.114182471427296,0.2897334556611625,6,0.1666666666666666,6,0.0909090909090909,11
lucallme,34.875,14.637281168304447,20.25,53.125,27.77777777777778,85.71428571428571,70.59199025794045,27.9594053591789,24298.214696073657,91.9595602030681,0.2993688470097466,0.9161168356862592,0.2908128444138807,11,0.3636363636363636,11,0.25,8
m_zeinali64,32.4375,10.269493658404002,-48.75,62.5,40.0,72.72727272727273,62.428894299183646,20.91686309424873,14392.030678151688,65.10595740316327,-0.3012251796651007,1.2494219012815044,0.3515217443945302,9,0.5555555555555556,9,0.25,12
machur_leshach,37.1875,16.391944159657616,45.5625,62.5,53.84615384615385,100.0,46.31657321030868,15.686023299072575,9321.386760917385,60.17936303407191,-0.1852817459205452,1.3336021029437777,0.4304137555937505,5,0.2,5,0.0,8
maks83,35.4375,15.75634792710544,-65.875,40.625,16.666666666666664,46.15384615384615,73.17049694975526,30.646534413677568,20652.163385606586,86.81069195693885,0.507083977086439,3.560055244226972,0.6567505336837395,12,0.25,12,0.2857142857142857,7
mardani45,33.8125,16.618137681461185,-14.375,34.375,25.0,43.75,35.905724962420734,10.615350149809007,5628.956300866092,52.09745944322693,0.1443466750960561,1.14073386101122,0.3114315056175521,9,0.1111111111111111,9,0.0,4
marina_urypinsk,38.6875,14.826637065318174,18.625,62.5,54.54545454545454,80.0,35.83834634871358,8.81333702455907,6906.613062910988,34.88717040269375,1.17119072254736,1.9624949031379184,0.357528941343022,8,0.25,8,0.0,10
mariomaster,35.0625,15.59259974047518,-160.6875,78.125,50.0,80.0,64.36547247933888,38.38136684808877,13525.10606562746,88.6857185191836,0.0268299816846289,2.5156611544185057,0.3048182654704393,4,0.5,4,0.0714285714285714,14
mcaleap,37.8125,17.837110191956544,-4.3125,31.25,37.5,25.0,50.1590330709018,20.306441228198832,9280.262687323682,65.99523499200919,0.1835735258832335,1.793499486317176,0.4675068637049426,12,0.1666666666666666,12,0.4,5
mcelal,40.625,14.934858553063032,-6.25,53.125,35.0,83.33333333333334,42.70142130927466,11.155953682526432,6948.644411677055,42.51878910367724,0.1360198088785302,1.758182720657107,0.5231618283437067,8,0.125,8,0.2222222222222222,9
mehmeteet,33.875,19.80530232033836,32.0625,65.625,58.333333333333336,87.5,62.54940783179119,27.21971731398041,10832.295519862037,64.03780588034022,-0.9276791787258638,2.869076066713,0.533624764418527,8,0.25,8,0.0,8
mhmdkarimi13,34.625,17.906702655709676,18.6875,25.0,14.285714285714285,33.33333333333333,79.16722669711538,33.5510184713056,17490.41661886086,70.58257995050758,-0.6775805623484593,2.1365738773461342,0.5840962589011512,14,0.2142857142857142,14,0.4,5
miguelhf,35.875,12.732504336016016,21.875,31.25,11.11111111111111,57.14285714285714,73.16485199598947,39.12748895393751,15897.630419895151,108.68620908899148,-0.3058144397658777,2.1809025048303625,0.441620249424755,14,0.2142857142857142,14,0.4285714285714285,7
mirza43,33.3125,13.797191743249783,72.8125,46.875,39.285714285714285,100.0,62.80045865937938,22.1848981688416,13199.86453814171,76.41988531032649,0.4362180738357757,3.89101257694388,0.6733917061385781,9,0.2222222222222222,9,0.125,8
misha1910,29.8125,13.327759251527118,-73.125,37.5,25.0,41.66666666666667,66.99799904066917,26.4414286574086,23828.445366511707,95.65845993529923,-0.1414808887976802,1.2789445992178248,0.4288345748379516,11,0.1818181818181818,11,0.375,8
misiek32,28.9375,11.37522893542514,-1.0,56.25,33.33333333333333,66.66666666666666,69.71615049646513,33.42482170986483,14670.280332660475,72.34070093849506,-0.3508732969112407,1.34161260406555,0.4462440114856909,9,0.3333333333333333,9,0.2727272727272727,11
mixmau,40.5,19.643489167321235,-140.375,68.75,0.0,73.33333333333333,53.10092284484046,18.64436528725172,17456.09464363953,94.85690241231715,-0.0563412193575471,0.95927454747229,0.3277323623615183,5,0.4,5,0.1,10
muskokadave,43.5,15.86190404711868,-34.4375,68.75,57.14285714285714,77.77777777777779,66.91193492391783,28.039505493036323,16643.36691093016,90.44249736005136,-0.0676065761157173,1.0723299460378175,0.4187973441437819,10,0.5,10,0.1111111111111111,9
naikus,35.5625,14.751129900225724,-43.4375,50.0,25.0,58.333333333333336,52.6369725949731,21.17480553139457,8994.706773228909,66.41832157912475,0.0780044457918186,2.02976146759639,0.3778483619572192,9,0.1111111111111111,9,0.0,8
nihad212bobr,31.375,13.35102992281869,26.875,12.5,9.090909090909092,20.0,55.7149097028313,26.493359156626305,10235.246072151416,77.58108851751693,-0.169168432575925,1.730884560019582,0.4556933327098701,11,0.0,11,0.6,5
nikosref1985,33.5625,14.472819352151122,-19.1875,50.0,70.0,40.909090909090914,73.05904690870008,35.54004585801806,27671.42709447525,198.6662373745965,-0.651339932156346,3.4325395332951847,0.5220873939974807,8,0.125,8,0.3,10
obanebane,34.9375,12.80348259914726,-88.75,62.5,50.0,66.66666666666666,56.498759628171406,14.453459471262184,13450.3386776217,79.67673589449994,-0.0284528189708344,1.5187228421842556,0.5116835018506674,7,0.2857142857142857,7,0.1428571428571428,7
olegrun,37.4375,15.213891678331354,-36.8125,62.5,40.0,72.72727272727273,45.33653478357958,23.43007674260155,9927.078042249716,46.49516330515812,0.1792677889880158,0.8859509397633576,0.4405874499332443,2,0.0,2,0.0909090909090909,11
oquzlar,42.625,16.045248517863474,31.4375,53.125,50.0,50.0,36.7453447295693,12.163959130611191,6036.313132064848,42.886053424624365,-1.375421757914241,3.4296537872685846,0.428825317493177,7,0.1428571428571428,7,0.0,6
pablo686,29.25,13.674794331177344,-9.25,31.25,22.22222222222222,42.85714285714285,64.22374299729871,33.00054125812444,15698.040182542758,105.89799922299925,-0.0276520432000317,1.0482063773081065,0.3848815676090599,11,0.0909090909090909,11,0.5714285714285714,7
paez86,35.25,17.45279347267938,-84.3125,78.125,70.0,81.81818181818183,70.48679397282922,34.99760661080195,25162.89242211512,92.05714759525902,0.0119474426494951,1.0502602757156183,0.3260535954144976,7,0.5714285714285714,7,0.0769230769230769,13
palacio,39.875,11.552056094046634,-16.0,43.75,28.57142857142857,55.55555555555556,49.149873647277545,23.280456602726847,10756.164243828302,52.33218321723827,1.6692475627819272,1.957095233041921,0.417468395471616,9,0.1111111111111111,9,0.3,10
pattawee,32.0,11.735984548955972,6.3125,56.25,57.14285714285714,55.55555555555556,80.84619364808512,46.35436360001521,21556.94241943628,80.42969582500832,-0.1111276614845048,4.40660167035455,0.4952625454594036,11,0.3636363636363636,11,0.2,10
pedromayor24,33.3125,15.102841895925858,12.5625,65.625,70.0,58.333333333333336,58.51061088980141,29.875891956129703,13173.883994344162,139.095050229643,0.0032073407874148,1.3691579910152842,0.2676742224293489,7,0.2857142857142857,7,0.25,12
phet,39.0625,14.553206977616078,-41.9375,31.25,0.0,38.46153846153847,60.16351479910031,22.767922073074416,14751.15025309985,75.72530020339147,-0.1441795577716137,2.431726925505948,0.4225224263514358,14,0.2142857142857142,14,0.3333333333333333,6
pretenderg1,25.0625,11.2455546772936,-67.0,56.25,0.0,81.81818181818183,77.94142788346149,29.174206265288635,19119.56061166984,86.4390370890371,-0.1744598013825152,2.290997929285863,0.3784679041886706,10,0.4,10,0.1111111111111111,9
rahimtabriz,39.4375,15.785937835090234,-12.875,71.875,75.0,68.75,69.46692352148757,31.85406282230776,18679.861056436097,91.35749258415925,0.5955212688283882,1.9522045534420729,0.6209366505621352,11,0.4545454545454545,11,0.0,11
rajah43,43.1875,23.0773157017882,126.375,31.25,33.33333333333333,0.0,77.32051887295283,31.71937358266221,29521.001267711803,167.00787154936066,-0.809136122783975,4.0672477905278015,0.5172212769745423,13,0.2307692307692307,13,0.5,8
raulsuarez,36.0,13.5400640077266,-105.625,53.125,100.0,50.0,48.22108599237036,21.425756574368435,8917.697986170539,56.29124561712797,-0.0666411312902307,0.7615574550886935,0.331354419233177,6,0.1666666666666666,6,0.125,8
re-am,27.0,14.412957133542488,-100.8125,62.5,50.0,64.28571428571429,39.78707539624618,26.8696837077829,5912.859212774434,44.442193362193365,0.0877305467347525,0.8602162782677507,0.229503108197093,5,0.2,5,0.0,8
rolling1,36.0,17.988885457415087,27.4375,56.25,45.45454545454545,80.0,43.556151626113405,19.672857100239995,8245.645128207863,46.13928776693335,0.1379275463842513,2.23158406726434,0.2701213818860878,5,0.0,5,0.1818181818181818,11
safary,33.25,11.868726413000962,-29.8125,43.75,33.33333333333333,50.0,81.87380775640422,35.48472443621746,23589.626291671684,122.91715474445738,2.142891940787424,3.962001359384798,0.5223351813119622,14,0.3571428571428571,14,0.3636363636363636,11
saiedva,34.4375,19.7753002505651,-35.375,68.75,50.0,75.0,64.56311690736806,17.386625408315282,11793.370234096508,64.35730157437162,-0.5424650173527853,1.44542581213121,0.4253407083822081,5,0.4,5,0.1666666666666666,12
sametrik,27.4375,14.338613368569966,-7.5625,43.75,33.33333333333333,57.14285714285714,75.44671872730042,26.19033540384552,16410.23896346447,76.55595238095238,0.48850664442472,2.231760281751063,0.5974469817959058,10,0.2,10,0.3333333333333333,9
saruar,44.375,13.889444433333775,73.25,40.625,26.923076923076923,100.0,38.00400837496208,11.763350780084124,4322.874520720089,46.29640238183716,-0.4237007231135384,1.5633446538143807,0.3812823050353443,7,0.0,7,0.2857142857142857,7
sasanx,37.8125,19.14582199854579,-57.1875,62.5,66.66666666666666,60.0,44.004791775171206,20.95667272110107,8592.098309802495,56.720616909410005,0.1856515501576744,1.1600122759261065,0.5165680051480477,7,0.2857142857142857,7,0.1666666666666666,6
sergon86,34.1875,13.417494798458712,86.8125,21.875,25.0,0.0,62.98143282114465,29.012801217039524,14467.387455929089,67.42445947570947,-0.4774370049184974,3.821547502109465,0.5830497371114326,14,0.0714285714285714,14,0.4,5
shakruk,29.75,10.63014581273465,1.625,50.0,50.0,50.0,60.04389754410103,24.20009916903168,13143.127719647851,80.05523169161756,-0.1772665713490183,2.0376225805119743,0.4538381675507572,10,0.3,10,0.2,10
sirohach,41.6875,13.93661245305568,-14.75,43.75,38.88888888888889,50.0,42.09323045442842,15.6151884444354,7437.959980141599,47.71577682601576,0.1994621721852641,1.6172017131572047,0.45462038368301,11,0.1818181818181818,11,0.2,5
slava55,36.5625,15.314345126928108,11.0,53.125,42.85714285714285,61.11111111111112,55.42929413782405,20.22184746740752,11016.112653840268,78.73787688559538,0.3052450438662208,1.972268842875886,0.4132343086599175,7,0.1428571428571428,7,0.1111111111111111,9
spear66,35.1875,13.387649781297188,51.9375,46.875,36.36363636363637,70.0,81.93345488440103,41.20095098450895,24401.725738943514,130.65965302204796,0.1933352718491018,3.240933683377762,0.5566373252696807,11,0.1818181818181818,11,0.3636363636363636,11
stig_65,36.5625,14.165539170818738,96.8125,37.5,40.0,0.0,63.68963896946898,22.238466204555102,12112.697831811056,72.27368788744205,0.5190281203436533,1.509918895768917,0.5349093359505022,13,0.2307692307692307,13,0.1428571428571428,7
sting47,33.625,15.986973864159951,-37.875,75.0,87.5,62.5,41.2662078212076,18.03175029727072,6570.902124012041,55.889681815768775,0.2300652854561417,1.64702005409787,0.1636539308742841,4,0.25,4,0.0,11
swesub,28.875,18.384323031684723,-4.25,50.0,55.55555555555556,42.85714285714285,66.88151660122838,29.64342500883292,15424.554652931947,69.30355920960758,-0.1008592522483692,2.2236640073786464,0.4829746270464651,9,0.2222222222222222,9,0.1111111111111111,9
tarnanas,27.4375,6.292522016912879,-3.8125,37.5,16.666666666666664,50.0,55.38117814064424,23.77415269119508,10647.277157336435,49.009020146520136,0.6411078500628375,2.676143859820682,0.5292929397235051,13,0.3076923076923077,13,0.3333333333333333,6
thiaguinho,33.5,12.274635093014645,-34.8125,68.75,50.0,80.0,52.20684024114166,15.34735581038148,8323.49343866893,68.0100895183248,-0.2246641014657355,1.6253219883782768,0.549329738043169,8,0.375,8,0.0,7
titoo,38.5,13.890044396377332,-43.6875,40.625,0.0,72.22222222222221,53.351580342506665,15.837362831114216,12029.038436417826,54.766620047459625,0.1589553615485039,2.041449573036794,0.4144406620770919,12,0.1666666666666666,12,0.375,8
topolecka,39.5625,16.09541860281987,-53.125,46.875,0.0,57.692307692307686,57.542320408455694,24.57913532503977,13007.612883548958,65.5892816560011,-0.2581938959372664,2.611925679401281,0.4944006545827941,10,0.2,10,0.2,10
topolyok,42.0625,18.94366648777369,-66.1875,56.25,50.0,58.333333333333336,54.75934679573444,21.03984540978567,12990.007477688736,63.87013540145859,0.6257941587663542,2.082633966626547,0.4854489370236535,10,0.4,10,0.0,8
treze_13,33.625,19.141142424979066,26.5,43.75,42.85714285714285,44.44444444444444,53.25515527061206,19.829069035158312,13298.455614014489,81.28235636417456,1.064596635012779,2.2728004254405287,0.5006146330321103,11,0.1818181818181818,11,0.3,10
tumursuh,41.5625,12.685786009020752,-62.125,59.375,66.66666666666666,57.692307692307686,38.307181742920434,15.094180398385827,6263.577282280937,45.8040029824167,-0.3242915583738866,1.5915110367411778,0.27040509164743,7,0.2857142857142857,7,0.1,10
v_clava38,36.6875,17.86885092369773,-66.125,43.75,50.0,42.85714285714285,39.869506365391125,23.75697542285827,7244.006096331564,61.24207237343267,0.8700273193352196,2.1203494864515995,0.5482519045899327,6,0.1666666666666666,6,0.125,8
vald-vald-april,33.0,8.238122763510304,-86.6875,81.25,66.66666666666666,84.61538461538461,43.687360621020034,16.174499935736716,7387.107623004264,53.03236412746917,0.1513330077495375,1.8738871788820248,0.3647058823529411,1,0.0,1,0.0714285714285714,14
valva,46.9375,21.461496530608795,41.75,50.0,45.45454545454545,60.0,37.48363083317653,14.202648572886684,6112.026095880454,48.18525602406521,0.7949632453276656,1.6166515225596114,0.4759602049720748,8,0.125,8,0.0,8
veyschelik,32.375,14.117955470487455,-23.5625,43.75,14.285714285714285,66.66666666666666,63.39176181334951,23.206751997739136,12195.711848380972,107.67469838895728,-0.0972349739859186,1.5552994449010078,0.4022443680592927,10,0.1,10,0.1428571428571428,7
vlada555,44.1875,19.29151367829907,-3.75,68.75,68.75,68.75,49.92366809455295,16.425213517102684,9125.32271232128,46.10312135049393,-0.0523961847156321,1.817864928922705,0.6389138356201474,10,0.5,10,0.0,7
vladimir1956,35.25,11.618950038622252,3.8125,31.25,25.0,37.5,46.184369162207545,16.424075758211234,5923.406168312987,49.94506497069279,-0.2579820942610259,1.6461151830772578,0.4864710928538382,12,0.1666666666666666,12,0.3333333333333333,6
vleone,37.4375,14.40818633046274,-23.875,53.125,50.0,55.55555555555556,69.60208217941403,31.68335814959337,18320.00014192399,86.34755605882393,1.1319842745795532,2.410711980988769,0.5938164050638005,8,0.25,8,0.3333333333333333,12
wbrown358,34.0,13.793718377097116,51.0,40.625,31.818181818181817,60.0,62.24750426568249,21.310247715144225,8253.002885899792,88.56299664195939,-0.4894763110008255,4.020373382711058,0.5764968973735252,12,0.1666666666666666,12,0.4,5
wonderworker,32.75,10.92703070371819,3.6875,43.75,33.33333333333333,57.14285714285714,78.87591182252613,26.65376121749818,20109.08184262465,109.69845418743884,-0.4267830368454636,2.469222257992452,0.4050581048658417,13,0.3076923076923077,13,0.2857142857142857,7
yanaaa,35.4375,11.67886267293752,10.6875,37.5,12.5,57.14285714285714,64.16506939715842,32.78399020378715,17907.52934454736,100.53835110339637,0.742444689450324,1.7553575705724187,0.4937047553535009,9,0.1111111111111111,9,0.5,12
yusuftu59,41.5,18.395651660107067,-43.625,68.75,60.0,72.72727272727273,49.790767992241584,20.15878701207888,10273.00878507836,109.11247157769992,-0.0929875478018021,2.2045296237136305,0.2672794142693034,5,0.2,5,0.0909090909090909,11
zey89,40.0,20.79102370415336,-50.6875,43.75,0.0,63.63636363636363,68.22377852653902,25.626730219447403,14130.942159067105,86.45039038903849,0.5255473292491943,2.4317619779364907,0.60303211453481,10,0.2,10,0.3333333333333333,9
