username,MeanMoves,StdMoves,MeanEloDiff,WinRate,WinRate_PosEloDiff,WinRate_NegEloDiff,Mean_ACPL,Std_ACPL,Mean_Game_ACPL_Variance,Endgame_ACPL,After_opening_ACPL
2700172,37.25,15.813496345421738,15.625,31.25,40.0,16.666666666666664,41.63444127713043,15.497522812854239,10375.459178062501,57.72949204244031,60.7840211680871
AB2,32.375,13.657110480136955,-40.9375,50.0,20.0,63.63636363636363,67.65532178261151,29.924376411056326,16658.362732134094,53.178743315508015,121.31634592270166
ABUN,51.4375,16.997916538995792,-86.0625,65.625,50.0,72.72727272727273,50.03326650654838,23.517168024885894,11244.78973310508,60.15736949325184,55.87128456397273
ADRIRIEN,25.9375,10.592253458699586,44.8125,50.0,50.0,50.0,49.98001017501018,21.932663021102375,9127.782658506098,17.166666666666668,123.99388528138529
AJTO,31.8125,11.136838270652342,44.8125,15.625,11.538461538461538,33.33333333333333,,,,,
ALISHER4ik,33.625,15.99114338209331,58.5,50.0,41.66666666666667,75.0,,,,,
Abbott,29.125,9.618558450551031,48.4375,37.5,40.0,0.0,,,,,
Absolem,36.125,12.779540941155386,58.8125,40.625,27.27272727272727,70.0,,,,,
AceWestfall,21.5625,8.294325369391615,69.0,37.5,38.46153846153847,50.0,59.18264695330506,38.00732297578968,11673.001501057275,,89.69127680311891
Adam5118,40.5625,15.309991291092668,-19.25,53.125,55.00000000000001,50.0,,,,,
Agente034,36.0625,14.294375350698845,53.875,53.125,50.0,60.0,,,,,
Ahmed_Joseph,40.625,12.727267316016167,-125.3125,87.5,,87.5,,,,,
Aiglenoir,35.6875,17.4459880774922,24.6875,56.25,33.33333333333333,85.71428571428571,50.55217677408364,20.132883977759636,13091.902791713586,27.2720288970289,65.25225339083528
Aiss,38.25,19.04555941245448,-120.625,71.875,50.0,75.0,,,,,
Aladin86,42.9375,16.58299832157422,94.625,46.875,50.0,0.0,47.593232464208164,17.591327396452,7722.223812756765,19.412069956187604,44.482300952128774
AlamsyahWK,43.375,12.409002108684378,-24.0,75.0,66.66666666666666,80.0,46.05963112009968,19.653395034067387,7494.680112372661,99.9218324438719,55.58854558884592
Alarch,45.3125,19.509719799798937,26.6875,34.375,25.0,43.75,46.13606248801243,22.84171287725822,9573.124041700557,23.906497551880587,58.42310889862746
AleOrt,37.25,11.45716660726668,69.625,31.25,33.33333333333333,16.666666666666664,,,,,
Aleksandar974,35.5625,17.866052539196602,-35.6875,46.875,50.0,46.15384615384615,59.14483216294405,22.01598430736805,10452.9910562756,47.23216374269006,146.33280290426956
AleksandrB99,27.875,11.354147553500733,-45.3125,50.0,42.85714285714285,55.55555555555556,,,,,
AlexPavloxskiy,45.1875,18.16303480515669,-28.375,34.375,41.66666666666667,30.0,61.92968658806616,13.18155685885666,15771.358444813935,47.05032659300952,59.30914001218967
Alijon,38.75,19.590814173994914,-20.25,68.75,60.0,72.72727272727273,55.5189869887555,20.68859437162462,12074.004114193369,38.2051724137931,65.44579351158784
Allahu_Snackbar,33.5,11.633285577743433,-122.4375,59.375,75.0,57.14285714285714,,,,,
AndrzejRzeczycki,36.125,13.79794670714934,0.25,50.0,55.55555555555556,42.85714285714285,83.44146762720197,30.81283017603899,25832.03454699041,46.166326530612245,139.0371594425309
AnithaDoha,40.75,16.53077937263294,109.75,28.125,28.57142857142857,25.0,,,,,
Arlequin13,44.1875,19.1736581451393,-86.5,56.25,0.0,64.28571428571429,54.6053519750481,26.832846446566688,13230.223750593363,49.55583721833722,66.43503355030218
Armanabraham77,36.25,14.942110515809562,-81.3125,65.625,50.0,70.83333333333334,,,,,
Aurimas123,25.9375,16.445744130321376,127.125,15.625,16.666666666666664,0.0,98.75260067572607,39.041278155114355,23003.563961078613,44.16216216216216,125.90186403508773
BUSY,32.75,14.064138793399334,-109.625,78.125,,78.125,,,,,
BadMonkey14,32.75,17.43368387155547,-11.125,37.5,37.5,37.5,82.27893685643112,32.766536094515935,27474.31413583649,17.617886178861788,192.85507767026857
Bakyt,36.5625,14.338613368569966,73.9375,28.125,26.923076923076923,33.33333333333333,,,,,
Barbaros_V,30.3125,13.821330133770289,41.0,28.125,37.5,0.0,,,,,
Belial,29.1875,13.22733911261067,16.8125,50.0,22.22222222222222,85.71428571428571,,,,,
BiraGama,35.4375,11.552597110606774,29.25,40.625,35.0,50.0,44.71495193507857,18.978682184629754,5780.012355981831,31.040346907993968,61.539699337373214
BolagasinovB,30.1875,11.939953936259553,65.375,43.75,40.0,50.0,,,,,
BoskoRadic77,37.8125,13.69291179162903,-73.4375,43.75,33.33333333333333,46.15384615384615,42.383373673680694,17.830265358180235,5469.0184735539915,22.03628151260504,43.606910279665094
Brenno1981,33.625,14.541320435228709,-37.125,46.875,56.25,37.5,,,,,
Byuzich,28.375,8.823264701911645,-44.0,59.375,50.0,62.5,,,,,
CKSoupen,30.0625,11.73296637683753,69.5,34.375,30.0,100.0,,,,,
Caesium,31.125,13.220564788742324,33.25,31.25,33.33333333333333,25.0,,,,,
Cane53,38.375,18.348024416813924,-60.4375,50.0,66.66666666666666,46.15384615384615,,,,,
Carlinhos,40.75,16.510602654052335,29.75,37.5,31.818181818181817,50.0,40.00085448406217,21.477256778082168,7110.995100827587,68.86411474998431,50.40132207044242
Carlo_Rossi,31.375,8.88350531415762,-16.4375,68.75,60.0,72.72727272727273,37.704730234339074,28.53540604998733,9983.876894372914,36.5625,59.045554640454306
Cebozephalus,30.625,13.980343343423293,163.75,37.5,37.5,,,,,,
ChessLearningPro,31.4375,13.822535946779086,16.625,46.875,31.25,57.14285714285714,63.03420328657009,27.5799050912364,10966.266415459508,33.64791666666667,67.58945746781954
Commodore,27.5,10.570398920255249,-21.5625,56.25,60.0,50.0,,,,,
Correa12,36.3125,14.659325814420434,14.9375,28.125,12.5,43.75,74.32418976923938,37.67383321158551,19138.0977852918,44.270833333333336,106.41528862741269
CrazyModeOn,21.9375,9.41961605728528,-47.9375,43.75,16.666666666666664,60.0,,,,,
Croata,35.0625,16.258203057738783,77.75,34.375,33.33333333333333,37.5,,,,,
Crytash,29.875,10.738559804120229,-18.0625,31.25,16.666666666666664,40.0,53.190610651269964,22.25571633485582,8996.261891945327,75.77272727272727,80.87236335414474
Cube13,40.5625,19.6671257008576,-33.5,68.75,100.0,66.66666666666666,,,,,
Daeltan,27.25,15.355780670483671,-100.1875,50.0,,50.0,,,,,
Danzawhite,37.375,17.17701953192113,-8.0625,56.25,60.0,50.0,,,,,
DeCarless,29.3125,12.125558406385524,62.25,43.75,36.36363636363637,60.0,,,,,
DomeHugo,38.625,17.173137938847013,53.3125,37.5,41.66666666666667,25.0,55.17117688197472,19.013396118353135,11626.578865754806,341.4521986785145,74.91846365831329
Donar2013,29.75,8.528383981349183,69.125,56.25,41.66666666666667,100.0,,,,,
DoroshenkoAS,30.1875,17.486065881152342,46.9375,25.0,18.181818181818183,50.0,,,,,
DrGogo,40.1875,16.955702089071195,87.9375,43.75,40.0,100.0,,,,,
Dr_Perdyllo,34.5,18.740330840195966,-61.1875,56.25,75.0,50.0,70.7271842745375,22.303858231011347,16402.764750311515,43.766001024065545,81.01716786203013
DzikieSzachy,33.0625,19.77024279061843,38.1875,50.0,46.15384615384615,66.66666666666666,,,,,
E_Onegin,27.5625,8.854142156828821,-39.4375,62.5,50.0,70.0,48.598753442039886,33.89820472458202,10239.78943836924,,79.93383053221288
Edguy,37.1875,18.85459714057379,45.75,50.0,54.54545454545454,40.0,,,,,
ElAprendiz12,35.4375,14.527990225767637,-9.1875,65.625,50.0,77.77777777777779,,,,,
ElBahari,35.8125,20.024048042291547,-98.375,71.875,100.0,70.0,,,,,
Elvanrus,37.25,17.665408760248564,-12.0625,53.125,38.88888888888889,71.42857142857143,,,,,
ElysiumKing,38.8125,15.11387331780529,96.0625,28.125,28.125,,59.07311749255252,26.87148301207162,14233.344725359493,98.70750705585264,68.4205666063262
Entuzijasta,41.25,15.98123900077838,-37.875,46.875,37.5,50.0,33.52597906958231,15.32441822729991,4395.93333670262,21.79618437118437,41.12609356121559
ErkinBaltaev,30.5,10.917875251164944,23.6875,43.75,36.36363636363637,60.0,67.9922562681797,35.06695586949762,23657.253468065384,49.76470588235294,139.20789251234595
Ernestobula,32.6875,14.197270864500682,-17.375,59.375,28.57142857142857,83.33333333333334,,,,,
EsolcNeveton,32.0,17.508093366592874,33.1875,43.75,40.0,50.0,45.72582114971345,25.08811054398539,7163.403757495008,40.0218253968254,67.75157828282828
FelixSauceballs,38.5,19.452506265260524,-45.375,65.625,50.0,70.83333333333334,,,,,
Filip7,24.9375,11.664583147288203,158.8125,18.75,13.333333333333334,100.0,47.12481125082251,18.2481805960787,8148.553406473249,45.17045454545455,65.57258969624561
Flanks,31.3125,9.720896735041132,20.5625,40.625,25.0,66.66666666666666,80.15864688611575,41.19130639362459,23665.30774349495,91.30555555555556,67.77953327899887
Flash_gordon_456,34.5,12.889272024956773,-39.6875,46.875,28.57142857142857,61.11111111111112,,,,,
Forex555,32.375,13.918213486890718,49.6875,43.75,46.15384615384615,33.33333333333333,,,,,
FrenchPlay,41.6875,13.016495944249618,-74.875,68.75,60.0,72.72727272727273,53.718790130481246,21.949973346947672,15658.230247420992,47.922404504680046,105.49238451746054
GMjohn,29.5625,13.56450638001005,85.3125,62.5,66.66666666666666,50.0,,,,,
GaininOnYou,31.8125,17.818412761335765,-12.8125,56.25,40.0,70.0,57.26803091976733,18.058407134910578,10730.137040450185,39.81195054945054,71.09451489533011
Genri,35.4375,18.07380701457222,94.1875,37.5,37.5,,,,,,
GeorgyM89,40.625,12.451907484397722,24.9375,46.875,37.5,56.25,48.29016264752826,17.547663310254215,14077.175785368421,71.88666666666667,72.3867729536259
Geraldochess32,34.4375,13.26131592263754,48.4375,59.375,57.692307692307686,66.66666666666666,,,,,
GoEasyOnMe,27.0625,13.17304697731951,-6.75,34.375,18.75,50.0,52.68323744920444,31.542033604920693,12781.046805540063,43.73452380952381,43.07295287433155
Graphirus,39.6875,14.39314072744375,43.9375,28.125,37.5,18.75,,,,,
Greetsenko,30.1875,15.445468591143488,-21.875,62.5,20.0,81.81818181818183,60.62974379880566,32.05305675991617,12606.05965219758,3.0,69.14630064924182
Gregor_Baron,29.4375,16.75696372656256,0.25,65.625,50.0,75.0,61.13644652142937,21.649644997432162,15438.29813710449,83.82539682539682,81.7671164021164
Grougrou,31.875,15.059327120868758,94.0625,53.125,65.38461538461539,0.0,,,,,
Gsing,41.125,20.63290252646648,-20.1875,68.75,85.71428571428571,55.55555555555556,,,,,
Haendeljaguar,44.25,13.868429375143148,-66.0625,46.875,66.66666666666666,42.30769230769231,,,,,
Hard2kill74,33.9375,14.72172431023848,120.1875,40.625,38.46153846153847,50.0,64.8487809822554,26.083787216832917,13161.043042326852,69.51988636363636,122.87028260270196
HenryCas30,32.375,14.60079906489139,47.4375,43.75,30.76923076923077,100.0,88.87113889198584,42.779086526320064,18594.320505482163,77.29563492063492,69.37897611627368
Hoffie23,29.3125,13.874286768455285,13.25,62.5,75.0,57.14285714285714,,,,,
Howie,29.0,14.75578982411085,-3.0625,50.0,56.25,43.75,59.927245504478364,21.209466047105572,12645.012659393584,25.99305555555556,92.15881201400938
Huntermind,26.75,9.842086499653751,-29.75,50.0,14.285714285714285,77.77777777777779,75.67738100242794,51.294026853929445,22873.737046191152,0.0,105.80107802159527
Ieyteneyer,32.0625,17.12101535151075,-76.9375,65.625,100.0,60.71428571428571,61.262993285276046,29.85286174213247,13573.886688064513,23.28974358974359,37.962768115942026
Ivan1992,31.5625,14.1325569755323,112.25,40.625,36.66666666666666,100.0,,,,,
Ivorybags,33.8125,12.864518387150502,86.5,28.125,32.142857142857146,0.0,51.30344966696736,31.44011504669268,11356.813360837059,43.205,58.40660313113099
Iwan_Gracz,28.5625,13.421220759180835,145.5,56.25,56.25,,41.95962214829181,25.092552832717853,5882.863007767521,20.015625,68.7241341991342
J434,33.375,16.5282586297932,-12.0625,46.875,64.28571428571429,33.33333333333333,53.858272435767795,24.334461214108966,17015.33073190008,44.51851851851851,57.2217905690645
JDS62,42.9375,15.364325562809457,-54.0,46.875,25.0,60.0,82.48159432023841,27.416538858156642,25295.745747463498,64.36039991754276,98.39410014736211
JESUSKING,38.9375,14.649089846585465,-87.5,53.125,0.0,56.66666666666666,,,,,
Janis112,38.8125,19.25346289199253,15.0,40.625,33.33333333333333,50.0,48.72801658689798,20.440704926741564,8070.746745055887,53.738364975619874,51.664822967873356
Jason150789,28.75,19.709557749139545,-45.9375,62.5,50.0,70.0,46.800580095424166,23.964082143756176,12199.419424845402,81.65223577235773,61.998296429580876
Javadseda,48.125,13.778606605894517,-17.375,50.0,50.0,50.0,45.43429401830936,14.676659646522928,5966.450182867528,22.19422675026124,60.690926236900765
Jayago1,33.875,12.904133704618326,-111.625,34.375,66.66666666666666,26.923076923076923,,,,,
JeanDF,33.8125,13.619685507871807,-47.0,62.5,100.0,60.0,,,,,
JelevIvan,35.375,16.045248517863474,16.0,56.25,45.45454545454545,80.0,,,,,
Jeverett91,29.625,11.406869275426397,-58.25,75.0,100.0,71.42857142857143,,,,,
Jeyhun,29.25,11.3107618369999,41.625,50.0,61.11111111111112,35.714285714285715,56.29286879974675,28.16551427900737,13465.893929284153,13.755555555555556,44.39807026307026
Jo_Long,26.5625,11.730125034855057,3.8125,56.25,37.5,75.0,,,,,
JosielPlens,39.1875,21.924776699737063,-10.125,62.5,57.14285714285714,66.66666666666666,65.22371983362568,30.566854473233565,20787.32858128042,32.75388758929132,70.48893243165969
JrRibeiro,30.3125,15.965457504667173,-17.5625,37.5,37.5,37.5,,,,,
Julma_Jamppa,26.0,14.993331851193052,67.0625,50.0,45.45454545454545,60.0,,,,,
Juri37,41.6875,14.568087268638484,-75.5625,40.625,100.0,36.66666666666666,,,,,
KAKTANK,29.5,12.38816639647154,70.875,34.375,40.0,25.0,53.599700993501024,27.231587459799563,14855.063230778247,12.055555555555555,142.53363457809158
KARAT23,37.75,19.30284953057449,27.5,37.5,50.0,16.666666666666664,65.065820037674,18.743120709108478,14262.443804822144,44.82208994708995,45.93851659474129
Kamampla,41.375,21.709828803255604,5.4375,21.875,0.0,35.0,49.45319280055974,22.559428447825624,9281.96808729889,37.2404065997816,73.28839426624349
Karasakas,37.5,13.875638123464208,37.375,65.625,83.33333333333334,42.85714285714285,56.77606430864894,22.393771287147114,13931.152760213592,49.5726911976912,58.211422270459785
KentClark,42.8125,15.744708105688506,137.875,37.5,37.5,,,,,,
KievUA,45.8125,24.09486459808397,21.0,40.625,25.0,66.66666666666666,66.11353996368453,38.98864985696364,19570.472253835524,37.44588927165395,58.3266828642279
Komarudin-Garut,33.25,9.787747442593728,8.9375,37.5,12.5,62.5,50.24861746756066,18.331118052418443,9624.807895902579,35.78,69.51223798021623
Kontrolor,41.375,17.579817974029197,-126.8125,71.875,16.666666666666664,84.61538461538461,39.37798012176216,7.529669748915388,5937.117122219983,54.76181191895996,57.9872379393966
KostandinR,40.75,16.258331197676263,19.25,37.5,44.44444444444444,28.57142857142857,45.03666918248248,25.945437115537853,8021.674444131937,69.70284807784807,69.95687327342092
Kraizy,38.5,15.688637076984518,8.3125,40.625,33.33333333333333,45.0,,,,,
Ksv2012,31.875,15.072602075731096,91.0625,37.5,33.33333333333333,100.0,58.00409915756215,27.624016440433728,11455.196404401153,53.24404761904762,93.43700237670826
Lars_Kuehne,27.125,13.499999999999998,-20.75,43.75,37.5,50.0,,,,,
Liam_Krakowsky,29.9375,14.006992301466198,-31.5625,59.375,66.66666666666666,57.692307692307686,,,,,
LinaForsa,39.5625,13.386404794915377,-39.0,56.25,33.33333333333333,61.53846153846154,,,,,
LittleHorse78,31.75,15.626899884494044,-14.9375,75.0,62.5,87.5,,,,,
Loginov19510410,42.0625,14.762424146008902,-65.0625,56.25,83.33333333333334,40.0,46.789427991234135,21.804674116737832,11149.317184567275,33.86452631107651,61.42621724632595
Lu4ik,39.0,22.981151697278648,-12.5,43.75,35.0,58.333333333333336,67.42242327547828,32.85947230720136,15058.72460957928,53.6587177528354,51.06355098383789
Lucavert,34.125,17.312327014779576,73.5625,50.0,54.54545454545454,40.0,,,,,
LuciusSwartzchild,41.6875,17.453629040021067,10.3125,50.0,55.55555555555556,42.85714285714285,46.892478508525,15.833519065904516,8446.481355612106,51.21642292490119,45.75600961665834
Lyolik28,41.5,17.65597160547483,60.1875,21.875,17.857142857142858,50.0,,,,,
MANDRILL215,45.3125,17.70016478266045,-38.4375,40.625,33.33333333333333,45.0,,,,,
MLasker,25.375,8.87599759651462,138.875,31.25,31.25,,,,,,
ManOnHorse,38.5625,19.856044419773035,-49.25,65.625,33.33333333333333,85.0,,,,,
MasonJar,23.375,9.569918146637065,28.1875,56.25,44.44444444444444,71.42857142857143,78.09987815282649,36.17333160135331,16481.637339267254,12.75,43.86284722222223
Matthew_Castle,43.3125,11.400109648595487,-163.9375,59.375,,59.375,41.34011521997635,13.633160080777458,7412.479848935516,112.62524824032178,55.76487216446243
Mehrdad376,36.625,15.248497193712783,96.0625,18.75,18.75,,,,,,
Meteoking,37.1875,20.103793174423576,-32.1875,53.125,42.85714285714285,61.11111111111112,52.017394109730255,19.101984659359616,8788.045966062255,19.78492063492064,57.92973082614045
Miko80,30.25,13.005127194046713,35.875,40.625,35.0,50.0,,,,,
Miloszverka,35.25,11.55566239266851,7.5,46.875,25.0,60.0,83.74225583453173,47.108422063875544,32275.127194687164,98.86724386724389,122.44940688132417
Mindaugas777,28.625,10.203757477844457,3.4375,50.0,40.0,66.66666666666666,,,,,
MirrorPlay,35.8125,14.878255946178635,-33.375,40.625,40.0,40.909090909090914,59.30092302865292,21.72975963384453,12428.428707080124,58.37955346650999,80.66608401345243
Misha19701309,39.5625,17.408690358553685,-73.375,68.75,50.0,80.0,38.699174196962495,15.8330324538144,6182.604100675059,32.25113035113035,48.3147299953228
Miw,36.25,21.034891648560176,-79.625,53.125,50.0,54.16666666666666,,,,,
Mr-Pink,31.5625,17.021432567991056,-7.9375,62.5,33.33333333333333,80.0,,,,,
Mundo2015,47.875,12.64317997973611,-55.6875,31.25,33.33333333333333,30.0,52.13073521951448,20.682804832357597,10533.418106733854,65.17776627412991,73.04698054824043
MusAlger,35.125,18.54678768232745,-4.625,62.5,60.0,66.66666666666666,49.221877595754535,15.713978429480465,8320.901431208906,24.5723574252986,59.39327314169276
NARSPI,41.5,17.181385275931625,-14.9375,59.375,50.0,71.42857142857143,64.8604528952399,25.4244388785243,17993.90872117198,78.55482174988754,90.85043801347156
Napastnik,30.25,8.35463942968217,-76.375,68.75,0.0,78.57142857142857,48.503636855636344,30.956125286218168,10805.551597915504,12.0,59.49023426715734
Nevenoe,28.75,16.027060449959833,14.8125,50.0,55.55555555555556,42.85714285714285,,,,,
Nikk53,31.75,13.097073464455075,-34.4375,50.0,50.0,50.0,42.92350473246226,16.93803738959578,6217.954127281297,53.44285714285714,52.37363127069009
Nishi2402,34.5,11.454256850621082,-39.8125,81.25,71.42857142857143,88.88888888888889,55.71274554020663,22.388054596737483,15539.767893025684,131.91666666666666,73.71175038197097
Novatek,33.25,15.355780670483671,7.0,62.5,70.0,50.0,,,,,
Nuprow,29.5625,11.389871231347028,14.1875,37.5,22.22222222222222,57.14285714285714,,,,,
Officier_Martin,38.0625,15.386005546166512,-56.375,46.875,25.0,50.0,,,,,
Onetreehill,27.0,8.024961059095553,53.25,25.0,20.0,100.0,89.02487411144772,41.89949933063451,28367.355334852295,0.0,160.96905513468013
OnkelHotte,23.5625,7.983054970790735,69.6875,28.125,30.0,25.0,,,,,
PAULOPABA,28.625,13.170041761513133,82.875,25.0,28.57142857142857,0.0,,,,,
Papyrus,38.4375,20.13940995494489,145.625,21.875,21.875,,,,,,
Pierrot28,26.875,9.142392101268316,-38.875,59.375,25.0,80.0,107.82608141522358,67.6633185105332,35322.04469753522,,120.10711973277058
PionOneX66,39.75,18.455351527402563,15.375,53.125,55.00000000000001,50.0,,,,,
Popo4ka_Po,31.875,11.938034455749683,80.125,50.0,41.66666666666667,75.0,,,,,
Propal,34.375,16.414932226482083,79.625,31.25,33.33333333333333,0.0,67.64189368144547,28.880077408502597,16448.23647339372,49.47955182072829,87.60154327154328
Rafaguty,38.125,22.729936207565565,-34.0,43.75,25.0,54.54545454545454,,,,,
Ram57,37.25,12.331531399897852,79.1875,25.0,21.428571428571427,50.0,,,,,
Ray_Suit,36.3125,14.992081243109643,40.8125,59.375,50.0,75.0,85.67419995059338,39.22221965795867,27056.603330952574,50.10416666666667,81.4881328988472
Republican1,40.875,14.347473645210158,101.75,28.125,30.76923076923077,16.666666666666664,62.79169148436304,21.4521656522486,17276.452261384504,22.221031746031745,61.321441574175985
Rezik,30.3125,15.567996017471229,-67.625,65.625,25.0,79.16666666666666,,,,,
Riham321,33.125,14.948244044034068,36.3125,46.875,55.00000000000001,33.33333333333333,46.33513243467579,24.559310941478792,10560.072374007086,51.07510737628385,130.90997406532796
Riodem,45.375,22.77388855685388,66.1875,37.5,27.27272727272727,60.0,65.662941982808,22.480224054014336,15559.931162703822,122.28578289957474,91.98383697297618
Roden,27.4375,12.247278609280238,-5.625,62.5,85.71428571428571,44.44444444444444,,,,,
Rodripay,36.5,15.453155017665486,-40.0,62.5,40.0,72.72727272727273,,,,,
RustyShackleford,35.0,12.38816639647154,25.1875,46.875,40.909090909090914,60.0,60.05196760317624,28.179326288563377,14227.12214970929,105.38400488400488,98.97786626044194
SANCH,28.625,10.320691191323704,60.625,31.25,22.22222222222222,42.85714285714285,67.8758757836942,38.20997722944691,19226.077173305246,5.5,70.06321490686815
SANOGICELLO,44.8125,15.617164702126098,-114.125,56.25,66.66666666666666,53.84615384615385,,,,,
SHOHRAT_TURKMEN,34.875,20.88340649095992,19.75,53.125,68.18181818181817,20.0,,,,,
SIiNAa,24.375,10.177589760514683,76.4375,31.25,33.33333333333333,0.0,,,,,
STANISLAV2,35.25,19.91147073087939,-89.1875,59.375,,59.375,56.4823758836964,26.64054344547262,15650.560888986884,47.329282407407405,107.39062604610285
SameFish,25.4375,10.701830061567351,-8.6875,50.0,28.57142857142857,66.66666666666666,,,,,
Santafesino,35.1875,12.613319679344263,59.0,46.875,40.0,58.333333333333336,,,,,
Schwert,34.6875,14.849102105290184,-55.5,43.75,25.0,50.0,55.96561560701851,24.12145944068771,13189.589584065552,52.49305555555557,64.03458155958155
Sergej-kms,42.5,17.076299364909246,132.9375,12.5,13.333333333333334,0.0,,,,,
Sergey88,36.9375,13.183164769255267,-76.875,78.125,50.0,100.0,,,,,
Shahmat2015,36.5625,12.633124448580933,2.375,50.0,37.5,62.5,54.163467630956475,31.22340972478117,11810.324369100572,57.71547619047619,49.25497056616919
Shahnam200,36.75,12.917688131653692,12.1875,43.75,33.33333333333333,57.14285714285714,64.20156768880162,29.95392552527205,19807.840997233878,21.653153153153152,79.25785593663302
SharkanovA,37.8125,10.722056705688512,-64.875,46.875,25.0,60.0,,,,,
Shestopalov,30.5625,15.283842230713237,102.25,34.375,34.61538461538461,33.33333333333333,86.34363629851696,44.86020823795257,33603.541003387145,33.142857142857146,48.60426757220236
Shok33,36.875,14.800337833982034,16.375,50.0,25.0,75.0,51.5862044792361,15.960611436895135,8659.556363995294,63.19014285006932,56.80917707874528
Shturmovic,30.25,11.096546009156782,-83.625,78.125,100.0,75.0,,,,,
Siam,47.1875,17.497499821403057,99.0625,34.375,25.0,100.0,,,,,
SiavashHuman,30.875,15.42238632637635,121.5,37.5,40.0,0.0,47.65948443230965,17.60097913141217,7514.087564477162,28.985000000000003,66.55653513153514
Siberia_n,25.1875,14.616058520225849,-96.75,78.125,0.0,83.33333333333334,66.77977394251724,32.05019265122352,14630.686789823847,35.19444444444444,73.73075396825398
Sicilia,41.6875,17.277031959608493,58.5625,34.375,39.285714285714285,0.0,,,,,
Sinemb,35.1875,11.046681251247666,-29.1875,65.625,75.0,56.25,,,,,
SirJamo,28.3125,14.929696357707122,111.375,18.75,21.428571428571427,0.0,,,,,
Skittles_17,32.0,13.46105493637107,-17.5625,53.125,50.0,56.25,,,,,
Smalltiger,30.5625,9.612275138245542,29.8125,50.0,57.14285714285714,44.44444444444444,,,,,
Snowden,32.0,11.809600614189568,-67.75,59.375,90.0,45.45454545454545,62.43833510681313,25.075538673076974,12440.306261949949,51.16984126984128,83.61733012358012
Sori2015,32.125,10.255892615142445,-86.375,62.5,0.0,71.42857142857143,,,,,
Stojanovic_S,30.8125,11.617336183480273,57.6875,50.0,36.36363636363637,80.0,50.57457366533069,18.98093956099305,7567.930898873986,40.017857142857146,50.08943546034339
Surgate,28.3125,13.128689957493856,81.3125,21.875,11.538461538461538,66.66666666666666,,,,,
SzoliChess,36.9375,11.036114956511344,-32.9375,56.25,37.5,62.5,,,,,
TEMPOchess,39.5625,13.836997506684751,75.9375,15.625,10.714285714285714,50.0,53.21566562102641,12.901731917695065,10538.677366316384,103.73305051430052,67.15914409737906
TJK125HQF,34.125,13.139634698118511,-71.9375,46.875,50.0,46.42857142857143,40.03994186824537,18.753821061759453,5025.16012670364,55.14155844155844,73.37773595685361
TXARUSEK,34.4375,15.709736895738684,-98.375,56.25,100.0,53.333333333333336,60.44811910984398,23.835683822821707,14261.764443943552,42.63126671122995,65.15241668616964
Talion90,33.0625,16.282787435407574,-45.9375,75.0,100.0,69.23076923076923,75.39479631552497,26.991450126593186,22436.756514978028,53.15085784313725,98.74225858290734
TheSherif,26.9375,10.908521134110403,-67.25,46.875,37.5,50.0,41.63598735671087,20.12100802227509,4873.977700623741,42.46984126984128,32.85260197129762
Thehellraiser,34.5,11.91077943153456,-60.125,68.75,100.0,61.53846153846154,,,,,
ThreeFoxes,25.875,15.555813489925022,-26.3125,43.75,50.0,33.33333333333333,64.70745650821512,29.077668952566107,17925.211742252883,37.01398601398601,96.8659290890269
Tigamelin,29.25,15.498387012847497,-19.5625,40.625,37.5,43.75,,,,,
Titzel,33.0,17.358955421722047,-11.625,50.0,55.55555555555556,42.85714285714285,,,,,
Tiziano,36.0625,17.058599981631943,-16.125,56.25,56.25,56.25,,,,,
TonoyanRob,35.8125,15.875426503457057,-14.375,37.5,7.142857142857142,61.11111111111112,,,,,
Tramtararam,30.6875,13.229858905773208,108.8125,34.375,39.285714285714285,0.0,70.76341695782236,40.00425597375363,25920.098607647302,258.95454545454544,124.88525294093382
TreborTau,36.4375,13.647802020838371,-48.6875,81.25,83.33333333333334,80.0,,,,,
Tsimp,27.75,10.0565070145321,55.3125,53.125,54.16666666666666,50.0,,,,,
UKITA66,35.5,8.861903482510591,-61.875,43.75,20.0,54.54545454545454,,,,,
Vagabond01,30.1875,11.106867245087606,66.625,46.875,46.42857142857143,50.0,,,,,
Vanraj,30.875,8.632303670901914,-39.625,31.25,25.0,33.33333333333333,44.34593394330822,23.844976872059494,6372.266297579525,8.555555555555555,70.40107709750566
Varn,33.9375,17.867918177560583,-13.375,40.625,31.25,50.0,,,,,
Vasya_Herov,30.8125,17.444077313900365,32.25,53.125,75.0,16.666666666666664,38.1845399902611,17.782906694472643,6344.57464391438,36.56190476190476,61.54210939931528
Viramundo,33.625,14.51837915654958,18.875,50.0,42.85714285714285,50.0,,,,,
Watermark,33.25,13.508022307749815,14.375,59.375,62.5,66.66666666666666,,,,,
WestFighter,38.75,13.051181300301264,53.4375,31.25,35.714285714285715,0.0,,,,,
Woldemarcheer,32.4375,19.445543619726003,40.5,28.125,37.5,0.0,,,,,
Wowa89,29.6875,12.96003472217571,-2.8125,71.875,64.28571428571429,87.5,59.45604623313797,30.831541990199263,12905.048148040218,109.89772727272728,78.95341038111025
X-gun,40.375,9.562949335848224,122.8125,25.0,25.0,,,,,,
Yogano,30.75,12.428461959014342,19.0,50.0,37.5,62.5,,,,,
Yurachka,39.375,18.629278032172905,80.125,25.0,25.0,,,,,,
ZMA,37.375,12.769103335786737,88.375,50.0,42.85714285714285,100.0,46.99671041606227,16.83695789838724,8143.803620031723,27.19426406926407,55.68665060429766
ZamalKaya974,35.5625,14.146701617927292,-12.0,68.75,80.0,60.0,,,,,
Zhdan,42.875,17.828348212888372,12.3125,53.125,72.22222222222221,28.57142857142857,,,,,
ZiyiZhang,36.625,14.495401569693287,86.8125,28.125,32.142857142857146,0.0,61.915918074080466,21.517715237490158,15141.150522849468,89.4349376114082,65.07048342216002
Zoecir,36.3125,12.589512831453542,44.125,43.75,36.36363636363637,60.0,,,,,
ZolAP,38.3125,17.58301737472838,-59.375,40.625,50.0,38.46153846153847,41.00540668485129,18.37065983718995,7963.082662082627,50.2343094255246,71.37716561088772
abracadrabra,38.0,15.620499351813308,-15.0625,43.75,42.85714285714285,44.44444444444444,51.39259793132122,20.001390853805304,9465.23277207883,37.430252100840335,64.30966528609191
abuz,33.125,16.11159003119597,-77.5,75.0,50.0,83.33333333333334,59.36430051862405,22.799995312429907,14885.150593537666,18.873214285714287,89.44720020583992
acaya,37.25,16.233709783451637,24.5,81.25,88.88888888888889,71.42857142857143,49.99290089801715,29.52521380104453,13456.768193996792,40.7337080543977,68.80622389306599
achita,25.8125,9.717467091102838,-150.6875,87.5,,87.5,52.68468228156051,26.401884983439896,15146.745737488096,4.0,64.55210012210013
aerdna87,29.6875,11.073805428427333,73.1875,18.75,16.666666666666664,25.0,76.36557095432407,42.76555896940347,22723.093030924345,53.11111111111112,111.16920786397162
aiutoooooooo,38.0625,14.72172431023848,-74.375,56.25,33.33333333333333,61.53846153846154,38.706243491754506,13.230271241201068,7457.5346608970285,63.61671087533156,55.22279525042938
alexei1984,37.625,12.5532200384337,52.6875,62.5,64.28571428571429,50.0,,,,,
alexey561,32.5,12.12160605420475,76.125,18.75,15.384615384615383,33.33333333333333,74.61706675072504,22.910971977157864,17686.052488248944,28.95112781954888,58.115167234889846
ali110,33.1875,10.29704650211247,25.5625,50.0,30.0,83.33333333333334,54.59767055374384,20.5267416262405,8649.117899730378,37.13809523809524,67.9925441524038
aliee-63m,40.8125,16.042521622238816,-78.4375,62.5,60.0,63.63636363636363,,,,,
alphaman,27.6875,10.928365233037676,-60.625,56.25,20.0,72.72727272727273,,,,,
amantai6969,35.5,16.737184151861786,-27.875,50.0,71.42857142857143,33.33333333333333,54.29006573739773,18.57464325308443,9434.553330680565,72.40466176470588,63.64241148705434
andr-karpov,33.9375,16.266401978720843,54.8125,15.625,15.625,,,,,,
andr3a,25.6875,9.51292979756149,-45.125,53.125,50.0,54.54545454545454,,,,,
anikulapo8,39.1875,14.48778220892809,-24.6875,43.75,28.57142857142857,55.55555555555556,57.996310301744614,25.592704403942733,12009.258672269676,52.55037694503638,71.20607057734385
antonio1111,24.3125,9.264403200782372,-144.75,43.75,,43.75,66.56083559724057,40.215121443528105,20613.18086260147,30.25,60.163083213083205
apparatman,29.3125,12.081494112898454,37.4375,31.25,30.0,33.33333333333333,,,,,
apple-1,36.8125,16.240766607521948,-18.875,62.5,57.14285714285714,66.66666666666666,31.559320412917835,21.72558258125326,5863.556011414784,23.991558441558443,43.011334287988696
arkos76,37.75,14.419893665812287,18.625,34.375,30.0,41.66666666666667,,,,,
arlequeen,25.375,12.38211075167181,82.9375,62.5,66.66666666666666,0.0,85.13626607428333,34.39955080606233,19101.02268365574,38.5,144.2754347826087
armagedonas,51.1875,20.43923922263253,94.0625,37.5,26.923076923076923,83.33333333333334,,,,,
arya31,35.0,14.988884770611412,70.625,46.875,50.0,40.0,,,,,
atl2ptown,32.6875,13.993897479496791,-38.625,43.75,33.33333333333333,46.15384615384615,,,,,
axaray,40.8125,13.070163222648242,132.5,37.5,37.5,,,,,,
ayahari,33.0,12.889272024956774,-18.75,68.75,25.0,81.81818181818183,64.8146990356619,19.70307620160804,10797.810879945793,39.25529100529101,86.69167869207475
azuaga,44.0,15.509137091835036,-6.375,34.375,28.57142857142857,38.88888888888889,50.9112529382727,22.663274803807088,11893.563307921599,68.6455619412516,65.46957848218169
babakvos,31.9375,12.422929069533753,-31.875,56.25,40.0,63.63636363636363,60.82080575133468,25.670023447135716,13193.638722959611,64.20386904761905,68.09207585319308
bag_smg-m13,37.0625,12.730377056474016,52.625,34.375,20.0,58.333333333333336,,,,,
bamamatt,33.0,13.038404810405298,2.8125,56.25,33.33333333333333,85.71428571428571,60.03798003659769,19.73150326659383,10711.452739377095,27.38235294117647,67.51345237191103
baris200,32.4375,11.236658756053776,-57.875,62.5,16.666666666666664,73.07692307692307,54.51675431974348,25.244101590141973,14065.915969845742,17.404761904761905,75.45868262022158
bastianmunz,36.125,11.5,-12.75,43.75,33.33333333333333,57.14285714285714,58.43825911938349,16.30774957353634,16458.19350718648,103.54497354497352,88.03305383520251
batistato,38.5,18.84321274800735,19.3125,34.375,35.0,33.33333333333333,,,,,
batteria,41.5,15.05988047761336,-36.25,53.125,40.0,59.09090909090909,,,,,
bayramov67,35.375,11.797598625709105,54.0625,31.25,18.181818181818183,60.0,62.34276787529991,28.97844168589969,17807.57783043707,54.51053652230123,96.28448799995019
bbuccianti,32.0625,14.419749188757295,-27.4375,31.25,33.33333333333333,30.0,64.43125340480604,32.33023119617802,15134.483233262295,21.75,85.89871435753788
belolap,33.375,12.252210684879143,-48.0625,46.875,25.0,54.16666666666666,,,,,
bhram1345,45.5625,18.846639841980675,-20.1875,59.375,64.28571428571429,55.55555555555556,56.468146879034094,23.808176817372043,11781.852493741815,73.39329805996472,65.28980188165411
bigbo,23.6875,15.65766585414314,119.375,31.25,30.76923076923077,33.33333333333333,80.49546498387667,32.00796001603102,25981.251443628506,48.49074074074074,84.99872126229033
bilik1973,37.25,15.58418001264958,52.1875,28.125,19.23076923076924,66.66666666666666,,,,,
bitbybit24,30.5625,13.381423691072635,-24.875,59.375,57.14285714285714,61.11111111111112,,,,,
blackdamen60,32.1875,15.254370958296947,111.75,28.125,28.125,,,,,,
blade57,26.6875,8.412044935685971,83.875,37.5,41.66666666666667,25.0,,,,,
blazkovicz,36.125,16.33758448078132,-19.5625,37.5,30.0,40.909090909090914,,,,,
blinkk,34.5,12.060956291549466,-75.0625,81.25,100.0,76.92307692307693,,,,,
bmjlima,38.9375,14.8704124578529,70.5,25.0,21.428571428571427,50.0,,,,,
bobspass,39.3125,14.027205708907244,-50.25,53.125,16.666666666666664,61.53846153846154,,,,,
boridania1,42.1875,20.84936050178358,47.9375,37.5,18.181818181818183,80.0,60.80621434759003,29.766184198643955,12894.051941465319,42.97691293544952,68.69445789381145
bouchon,33.9375,12.698917276681504,-29.0625,50.0,50.0,50.0,,,,,
bratyo,33.875,16.095030288881098,-3.0,65.625,75.0,56.25,,,,,
brendomatic,25.625,9.243916918709298,47.3125,37.5,20.0,66.66666666666666,,,,,
brodski,33.875,10.190682018393076,-79.5,65.625,16.666666666666664,76.92307692307693,38.26465617895823,15.211047901393771,4799.166192312212,31.611111111111114,42.14307378212976
budimarsel,30.9375,11.72159687642146,-49.75,37.5,50.0,33.33333333333333,58.27479601143935,25.125342091695995,6991.51533673601,50.79,78.14111378719981
bukrey,29.875,12.955693729013513,-30.9375,40.625,21.428571428571427,55.55555555555556,,,,,
bulut10,40.625,21.94196891803468,-55.0625,65.625,100.0,57.692307692307686,,,,,
byrlk197171,44.4375,18.860783829593792,62.5,40.625,37.5,50.0,63.758961180052424,23.14921137148469,17766.16935349632,62.90970441830756,82.36147752907381
cakabo28,33.75,13.49320816806243,21.625,43.75,25.0,100.0,,,,,
camoes,36.875,8.762609961269149,-87.0,81.25,50.0,91.66666666666666,,,,,
canadiancenter,31.6875,19.652713977124545,-100.9375,46.875,25.0,54.16666666666666,,,,,
carabus,39.125,20.71674041284809,87.6875,59.375,57.692307692307686,66.66666666666666,63.761459148359485,25.125164686623876,13298.763033608297,65.00967741935484,105.31893484592801
casgrl,28.0625,15.229220816137202,29.25,18.75,20.833333333333336,12.5,,,,,
caslacuervo,36.4375,13.841814669086324,29.1875,65.625,62.5,68.75,,,,,
cataldofragale,34.125,11.971493919585251,-115.5625,71.875,62.5,75.0,,,,,
celiktas69,39.375,18.416930616509728,-40.125,46.875,43.75,50.0,42.404880720158836,21.43760451300936,6577.355603066358,27.942354312354315,42.76838897621094
ch1ll,27.5,11.7983049630021,-74.625,62.5,75.0,58.333333333333336,62.42989759634405,38.965332119172245,15828.796523258823,9.0625,101.24028860028861
chess79,31.5625,15.840743879839314,41.4375,43.75,30.76923076923077,100.0,,,,,
chinnu3920,29.9375,10.56073703236032,28.9375,37.5,22.22222222222222,57.14285714285714,,,,,
chk282,33.5,19.043809142780933,-54.0,34.375,50.0,32.142857142857146,68.11820554764982,24.649993933525288,23265.27761846346,144.01728395061727,177.36645495500974
chostar,35.5625,12.543092388508772,45.0,25.0,15.384615384615383,66.66666666666666,64.52107693252027,24.89085014247594,11762.813343811738,89.76380952380953,58.71465111837782
chris1980,31.0625,18.75977522964139,-9.75,21.875,7.142857142857142,33.33333333333333,,,,,
cipo1951,31.375,12.976260375521653,-65.4375,56.25,50.0,58.333333333333336,54.68842758823569,25.357178319055453,11138.039486573003,62.03508771929825,60.15293803418804
cjosan,36.3125,16.696182198335045,-7.625,62.5,60.0,63.63636363636363,,,,,
clakos,30.9375,16.84228309939006,10.4375,46.875,16.666666666666664,85.71428571428571,71.8508101378456,25.42373124843185,17507.9118538561,97.06490015360984,73.6621876453005
cleoplatre,38.6875,17.681322537261366,-22.6875,46.875,58.333333333333336,40.0,,,,,
comaturbo,39.0,12.296340919151518,30.375,50.0,50.0,60.0,67.85655967116021,30.949224327325883,18169.221565929463,54.583651642475175,82.40468682504576
conan66,25.3125,10.983131004712028,77.125,31.25,20.0,50.0,80.13387411148035,25.86354418428299,15547.12995651244,39.07142857142857,75.13982056590754
coolpartha,33.375,10.320691191323704,-24.375,65.625,41.66666666666667,80.0,,,,,
cplyakap1905,31.875,14.14154635580329,-18.1875,50.0,20.0,63.63636363636363,,,,,
crapule31,35.125,15.45261574405231,-68.25,65.625,50.0,70.83333333333334,,,,,
cuyabro,35.1875,13.765748556955897,42.9375,34.375,33.33333333333333,37.5,,,,,
d4c6,34.75,17.665408760248564,16.4375,50.0,33.33333333333333,71.42857142857143,54.58628614798904,20.55452827283198,11313.437762347958,54.42287342287343,65.73268510302672
da8eat,37.5,17.88481665174867,69.3125,25.0,20.0,33.33333333333333,65.41612071828487,33.32625419815948,18052.77178421191,37.231221287672895,53.873419726317245
daniel113,30.3125,13.602542654469664,58.9375,40.625,44.44444444444444,35.714285714285715,62.47784033051453,32.70227495767869,16900.076173636135,72.58095238095238,127.151278490568
davud115,28.5,12.89961239727768,25.625,25.0,11.11111111111111,42.85714285714285,41.137337112198374,21.293022877713085,5683.54062201929,39.16666666666667,48.89601936525014
davud1366,34.9375,11.744324870620137,74.125,31.25,28.57142857142857,50.0,59.52716827399216,34.54403827075742,11339.315693128447,38.37916666666666,45.019758019758015
deniz70,36.0625,16.163616550759922,-18.4375,65.625,40.0,85.0,,,,,
derbyman,41.875,16.190017500505263,0.75,50.0,37.5,62.5,,,,,
dfcbkmtdbx,42.6875,15.054207606734629,-121.5,75.0,100.0,73.33333333333333,,,,,
diego1958,32.9375,16.546777128290977,37.875,50.0,27.27272727272727,100.0,,,,,
dimitrovec60,34.5625,12.5749420144455,-40.75,56.25,25.0,66.66666666666666,,,,,
dinar75,35.0,19.169420092080685,66.1875,37.5,27.27272727272727,60.0,68.45731481465891,24.499766673421664,16480.765598939237,38.040696486928105,65.65807354097583
dochare,34.125,14.591664287073858,3.875,62.5,61.11111111111112,64.28571428571429,82.0043320698927,43.58341296688585,28962.770808767982,81.18726053639847,99.71781355540242
dodofish,28.875,17.80964158351687,7.0,56.25,55.55555555555556,57.14285714285714,69.25786958291958,33.66950991855753,15532.872787327542,53.48888888888889,82.00813527431175
doradense,38.875,15.072602075731096,-140.625,59.375,0.0,63.33333333333333,,,,,
drZli,30.3125,12.647628236155583,-0.875,81.25,75.0,87.5,,,,,
dskye,35.4375,15.465957239477074,-35.9375,56.25,60.0,54.54545454545454,,,,,
dubouc,37.4375,19.001644665659864,13.125,53.125,45.45454545454545,70.0,,,,,
dweeb,40.25,13.911625833572916,23.0,50.0,40.0,80.0,64.02487162641431,31.175053043827283,19258.091953257954,61.88883509925709,103.50730857785543
eatsleeploserepeat,37.375,21.89939116353085,75.9375,31.25,28.57142857142857,50.0,,,,,
effeundici,33.0625,14.946432127211274,-108.875,50.0,,50.0,,,,,
elcapa,41.625,15.169596786555225,-46.5,53.125,33.33333333333333,57.692307692307686,,,,,
eliasrod,45.5625,17.247101205709903,78.1875,25.0,28.57142857142857,0.0,,,,,
eliseoluque,38.0625,15.826007076960382,5.5625,53.125,43.75,62.5,,,,,
enekobill,34.0,14.615060725156088,31.4375,46.875,40.909090909090914,60.0,,,,,
eurekajeye,37.9375,13.61111678004417,-47.0625,75.0,66.66666666666666,80.0,40.774240934955316,13.709030874385107,6162.546947795023,118.11807081807082,53.77120666810311
evgen460,34.625,13.64734406395618,-53.0,62.5,0.0,71.42857142857143,,,,,
f4568525153,36.3125,12.63180509665978,-88.625,62.5,100.0,57.14285714285714,,,,,
fantasmadecarretera,32.25,13.122499761859398,95.875,40.625,34.61538461538461,66.66666666666666,93.28192511719975,37.78701193183979,28628.836382198217,77.7361111111111,94.82481772613352
fightofknights,33.375,14.8453135141476,-51.6875,56.25,66.66666666666666,53.84615384615385,50.27544189700783,20.16160326283299,10975.60898344381,75.60776701985142,80.45355541046375
figur,28.8125,16.067436012008883,34.875,34.375,27.77777777777778,42.85714285714285,,,,,
frad,45.25,15.914354107743948,-27.25,50.0,50.0,50.0,,,,,
franco84,23.5625,7.606740432011597,42.4375,56.25,40.0,83.33333333333334,87.71134334056202,37.8195785190476,22463.569260494052,,99.77527657527656
funchess921,28.125,6.259659202650997,46.875,50.0,27.27272727272727,100.0,,,,,
galina-slog,43.625,13.783444175289908,148.25,28.125,28.125,,60.70294129831439,31.384341172131123,12283.888756908786,47.83108012170385,79.50560811476225
garann,33.25,13.630847369110988,-37.125,62.5,50.0,70.0,,,,,
geek46,21.1875,8.076457556792251,32.8125,37.5,55.55555555555556,14.285714285714285,73.35420155699293,33.129469973480624,17067.06683665839,85.0,75.15851449275362
gena1935,42.625,17.869433865309404,52.25,43.75,36.36363636363637,60.0,47.56939490339395,26.870831871051212,7081.774129957731,29.193519674769675,52.86429953773112
genoreling,31.0,12.878923350446136,-49.75,68.75,50.0,80.0,73.69203816146437,20.660142856005077,21163.218819485817,53.988461538461536,81.83125617496806
gh1974,47.6875,16.80761236265679,-39.875,75.0,64.28571428571429,83.33333333333334,35.66479195610809,13.508004606405079,5122.904357653831,41.94593406593406,33.06929546251876
gil,37.3125,17.947028537708782,1.375,43.75,25.0,62.5,,,,,
gilles614,39.0625,17.070320246947134,18.4375,25.0,20.0,33.33333333333333,64.28082839147511,26.74814978920727,12378.311385144201,64.75,84.93633826811964
girat,42.6875,13.128689957493856,-38.125,71.875,50.0,79.16666666666666,44.5738850101414,15.24777959940633,5991.956530521902,40.06926406926407,55.36561563984963
grandpharaondunet,31.6875,14.858078610641416,52.25,37.5,36.36363636363637,40.0,,,,,
greantea,40.5,13.221195104830729,8.625,34.375,0.0,50.0,,,,,
greiner,33.6875,18.087633897223817,-30.9375,40.625,25.0,56.25,,,,,
grug84,30.875,14.82733961302566,7.625,62.5,62.5,62.5,72.77282738126978,29.19983702296057,17472.35694136498,41.70035842293907,145.89034845603388
gto,41.125,16.859715300087366,-14.25,53.125,28.57142857142857,72.22222222222221,,,,,
hamed1361,46.4375,16.772869959153283,32.75,50.0,50.0,50.0,,,,,
hassom123,50.8125,21.182441628229107,-48.6875,71.875,66.66666666666666,75.0,,,,,
heliodon,37.4375,15.90374693795983,-54.875,37.5,20.0,45.45454545454545,60.49916191977495,25.090621586361372,15118.617023720813,80.67372549019606,87.6326063694842
hellyhan,41.625,18.44225221242424,2.0625,62.5,75.0,50.0,48.4782323692311,23.22230715230527,18531.71995925888,66.90785669106353,63.48368913112746
hesa,34.3125,12.990862173081505,-64.0,65.625,75.0,60.0,51.48082543322567,30.196761680128482,8594.545938383506,115.68428571428572,67.12605596506896
hoho,41.8125,13.472038944916,-43.0625,37.5,28.57142857142857,44.44444444444444,53.98562697326345,24.9891073580658,9366.247372637825,63.31795704295705,57.49422687914281
hradilek,28.0,9.68159766429763,-30.4375,37.5,16.666666666666664,50.0,,,,,
hritic333,35.125,17.362315513778686,-36.9375,43.75,38.88888888888889,50.0,47.8954188456891,15.121332859716723,8791.536900155277,57.26606248240923,56.477995580414934
hujzadminem,28.9375,10.414533114835251,-25.25,65.625,75.0,60.0,45.27274457237079,19.519053015315254,8404.410968195318,24.15384615384616,56.80622308247308
humb,42.5,16.3869867069371,133.75,34.375,34.375,,,,,,
iDestiny,22.375,10.203757477844457,7.3125,56.25,50.0,62.5,97.95989009254457,47.24413949969524,39453.811685849774,0.0,154.99501319758673
iTo0ns,37.8125,14.989857682224118,25.5625,34.375,25.0,43.75,85.83042216041434,42.97074457864709,30317.9685837314,133.13035714285712,120.25608484867384
ifekali,24.8125,11.82775690202218,29.6875,56.25,55.55555555555556,57.14285714285714,,,,,
ikl3,34.0625,17.83804454903433,62.4375,50.0,50.0,50.0,54.78151794728487,21.79018013628911,12103.059644648665,69.96041666666666,141.34060094997594
ilkerozyurek,38.3125,14.453229166291294,-9.125,56.25,37.5,75.0,55.581486022819504,25.926792389910617,13566.479744740545,74.27330438378826,57.86238510281989
ilkin872,36.1875,12.459099753459984,113.8125,25.0,26.666666666666668,0.0,,,,,
inaciodias,35.875,16.81616285997889,1.0625,43.75,43.75,43.75,,,,,
inthebighooy,31.1875,14.661599503464824,42.0625,62.5,63.63636363636363,60.0,58.28713131075406,22.560344670922223,10780.74706308123,46.096875,81.24778097719276
intriga88,33.0,18.496846578088206,-64.0625,68.75,50.0,75.0,,,,,
irakli-chanti,44.6875,20.03569730921953,14.75,31.25,25.0,37.5,50.55016313167197,22.695224917737637,10555.304709768276,31.420986070817406,61.180861807171475
iran000iran,31.25,18.65297116636739,22.125,46.875,50.0,40.0,50.284167820102944,30.13760880589809,9471.327876791762,15.813745563745565,56.07837197159565
irineusilva,35.375,14.764258644894204,38.4375,34.375,25.0,50.0,,,,,
irkorin,42.9375,17.789392907010626,-3.0625,65.625,75.0,56.25,,,,,
islamas,31.3125,7.498610982486467,63.875,18.75,10.0,40.0,,,,,
itedcatur,40.8125,21.71395480637586,-66.9375,56.25,37.5,62.5,42.57357675735658,22.40787176951443,9093.213080729502,34.4811687495511,49.466021293513094
itsmagic,39.1875,17.255796127678376,-29.5625,62.5,60.0,63.63636363636363,31.42617555065662,18.904534791009475,4312.854952516103,34.65333333333333,62.921783015878034
iviam,34.25,16.405283701702125,39.25,31.25,30.0,33.33333333333333,,,,,
iya33,37.3125,14.159655127626992,12.25,28.125,30.0,25.0,,,,,
iyei15,29.75,18.49864859928962,28.8125,87.5,88.88888888888889,85.71428571428571,,,,,
izzyreal,36.6875,9.700300682624912,88.3125,31.25,33.33333333333333,0.0,62.09915283291949,27.538891249304484,14482.898076442012,25.81777777777778,77.02363331452005
j0hnwats0n,33.5625,17.5915462651809,48.3125,28.125,20.833333333333336,66.66666666666666,,,,,
jafar-mohammadi,33.125,12.371337841963577,-75.0625,56.25,33.33333333333333,61.53846153846154,52.59953946702823,14.327951892854191,9677.193218569486,37.65083333333333,91.98840437340436
jafarbalood,34.375,15.93267083699403,-85.4375,50.0,50.0,50.0,,,,,
jebisesome,34.9375,14.557787148693537,-110.25,56.25,50.0,57.14285714285714,52.30950096886569,17.737840820280365,12176.247040346769,56.50694444444444,101.14436775664598
jeremygo,39.6875,14.44861585066196,53.875,37.5,33.33333333333333,50.0,,,,,
jesusluna,40.125,19.08533468399231,40.6875,21.875,22.22222222222222,21.428571428571427,,,,,
jfsurban,35.0,18.213548070964464,65.1875,50.0,41.66666666666667,75.0,45.472554805791646,18.190670528334554,8265.419239899602,58.67820512820513,65.44951464598203
jivohan,33.0625,16.05186905005146,102.25,53.125,46.42857142857143,100.0,,,,,
jiyar,42.1875,15.565854725434557,-41.875,65.625,70.0,63.63636363636363,58.58548950300897,23.780693840260575,12589.381053870864,36.38683862433863,75.26043832944819
jmaltby,31.9375,20.696114772262607,25.1875,28.125,35.0,16.666666666666664,67.91301991737164,36.96938333671774,16251.018739605533,37.26188102359588,65.66024484980181
jomanu,34.1875,17.092761625904693,-52.875,53.125,50.0,53.84615384615385,,,,,
jones007,38.3125,14.920762938491674,-122.625,81.25,66.66666666666666,84.61538461538461,48.70598877519683,16.63308873343579,9212.852446814759,24.82888924800689,44.214915491910475
jonwlo,32.9375,11.693124760587594,-28.5625,46.875,66.66666666666666,35.0,66.54610719681337,23.80113670474954,19864.83643922685,285.6955128205128,75.5424122174122
jorgejlrodrigues,42.25,16.583123951777,21.5625,46.875,45.45454545454545,50.0,,,,,
jorgeucla,31.5625,14.85471305680456,10.5,34.375,20.0,60.0,38.002987196646615,21.745751987617997,5044.475798085483,56.30535714285715,39.56692104192104
jotaked,31.0,12.077527340754262,-22.5,65.625,62.5,68.75,,,,,
jrsc,37.6875,12.594807130983256,30.375,53.125,37.5,68.75,,,,,
junker,31.9375,16.26640197872084,5.25,46.875,42.85714285714285,50.0,57.13335340398076,45.06743937753679,17254.122838086576,35.25555555555556,53.76752344877344
justmarionette,34.9375,19.847648895188232,49.125,43.75,20.0,83.33333333333334,62.680332267751766,33.451541494913464,17969.69023952015,119.21985815602837,91.11313676503133
kaiserking,30.5,16.186414056238643,-70.5,62.5,60.0,63.63636363636363,,,,,
karabas,31.6875,17.133665690680438,45.9375,31.25,30.0,33.33333333333333,49.801302052783704,22.218971421073746,6044.313206854974,39.37309200603318,60.193748048248054
karavidas,34.75,14.991108475804358,-71.5,59.375,50.0,65.0,43.42676690138277,26.58874569537658,6965.073330708355,33.60989010989011,115.207057532609
kavilla24,33.3125,17.613323555384618,28.75,62.5,60.0,66.66666666666666,50.19538659025881,21.95376379763308,8366.905948181682,37.49719887955182,59.63376155840659
kayoshin,31.3125,17.453629040021063,-66.375,53.125,25.0,62.5,,,,,
kazimir,32.0625,14.1913999779209,-24.6875,75.0,66.66666666666666,80.0,55.040987946063794,28.090719036768057,11280.67879159475,25.67301587301588,85.66000019665437
khan,31.8125,13.570648473820254,62.6875,50.0,54.54545454545454,40.0,68.65378578117297,34.23464682987401,18358.435616190116,78.01242336610758,63.70451991111412
kiahairany,29.0,14.54189350348388,-121.9375,68.75,0.0,84.61538461538461,,,,,
kiasar,39.0625,15.914223198133174,100.75,37.5,37.5,,,,,,
kiatkiat3,33.1875,16.72610235530083,82.9375,46.875,53.57142857142857,0.0,59.321391512609324,28.52620396268011,15824.365747833064,54.467272727272736,54.26720269316131
kindruk,31.9375,15.648082949677892,-14.375,62.5,50.0,70.0,59.52300708226905,32.06342406638573,10254.481813355576,49.00983488132095,76.19550251300251
kinglib,37.6875,18.28922724811886,-52.8125,59.375,0.0,60.71428571428571,79.0857195445603,26.523261348938142,17114.456834099798,99.3290802764487,107.5238950961157
kirylb,23.5,9.49385766342288,4.875,46.875,16.666666666666664,85.71428571428571,66.20077617022353,39.926502303559474,17366.659361132766,7.0,77.72218614718615
kiskorovas,25.25,10.816653826391969,106.5,25.0,21.428571428571427,50.0,85.85465828394486,38.326463902565365,23813.52388004119,53.375,170.63789068258885
knar,32.0625,15.588323621651346,55.0,43.75,30.0,66.66666666666666,,,,,
kohlbeck,43.9375,11.930178819559522,-137.375,84.375,100.0,83.33333333333334,,,,,
kojiro963,35.4375,14.170244646206124,-45.625,59.375,60.0,59.09090909090909,,,,,
kvc,43.8125,18.808575171979403,-139.1875,78.125,,78.125,64.11336275545071,23.567817620226435,15464.821845182078,59.45542669340463,69.84835500520013
kyriakos1301,27.0,14.908610487455451,14.0,28.125,14.285714285714285,38.88888888888889,60.48024125367138,21.471107716832428,17581.243519822034,24.58333333333333,78.08873456790123
labradorbadi,35.3125,19.60176437636844,12.75,56.25,55.55555555555556,57.14285714285714,,,,,
leandrosouza,28.625,13.67662239004938,-54.375,71.875,66.66666666666666,75.0,,,,,
leoam,34.625,11.476788168589096,76.4375,62.5,64.28571428571429,50.0,,,,,
leverly3,38.6875,9.84356812001285,68.0625,31.25,11.11111111111111,57.14285714285714,,,,,
likecookies,24.9375,15.320873560821088,144.6875,31.25,31.25,,,,,,
likewat,31.375,18.003240449059906,-142.125,68.75,100.0,66.66666666666666,52.781204021033155,22.360593673553286,15496.17450756469,57.63492063492064,136.24024142241458
loopvogel,33.75,15.872407924865506,-46.4375,75.0,66.66666666666666,80.0,,,,,
lucallme,34.875,14.637281168304447,20.25,53.125,27.77777777777778,85.71428571428571,70.59199025794045,27.9594053591789,24298.214696073657,78.59325396825398,91.9595602030681
lucaskw,31.9375,19.013920339232165,-74.375,50.0,16.666666666666664,57.692307692307686,,,,,
luconzio,31.0625,18.74555502868169,-50.5625,43.75,33.33333333333333,46.15384615384615,,,,,
ludonix,32.875,12.43583531573171,9.125,65.625,63.63636363636363,70.0,,,,,
lukcud,34.875,18.329848153580908,0.6875,43.75,50.0,37.5,,,,,
lutekhin,40.4375,10.112492274409906,-99.9375,62.5,0.0,83.33333333333334,,,,,
lvbnhbq44,31.0,13.06904740216363,-23.0625,31.25,57.14285714285714,11.11111111111111,,,,,
m_zeinali64,32.4375,10.269493658404002,-48.75,62.5,40.0,72.72727272727273,62.428894299183646,20.91686309424873,14392.030678151687,16.866666666666667,65.10595740316327
machur_leShach,37.1875,16.391944159657616,45.5625,62.5,53.84615384615385,100.0,46.316573210308675,15.686023299072577,9321.386760917385,33.501338661338664,60.17936303407191
mahdi-aghajanloo,36.125,19.345542122153105,-3.6875,40.625,58.333333333333336,30.0,,,,,
maks83,35.4375,15.75634792710544,-65.875,40.625,16.666666666666664,46.15384615384615,73.17049694975526,30.646534413677568,20652.163385606586,94.5219273533168,86.81069195693885
malatok,42.0,22.37558192911788,4.125,68.75,55.55555555555556,85.71428571428571,,,,,
marcin81,31.5,13.043516908155304,51.5,56.25,63.63636363636363,40.0,,,,,
marckflow,31.0,11.988883740087452,162.25,12.5,12.5,,,,,,
mardani45,33.8125,16.618137681461185,-14.375,34.375,25.0,43.75,35.905724962420734,10.615350149809009,5628.956300866092,72.0523088023088,52.09745944322693
marina_urypinsk,38.6875,14.826637065318174,18.625,62.5,54.54545454545454,80.0,35.83834634871358,8.81333702455907,6906.6130629109875,46.78484848484849,34.88717040269375
mariomaster,35.0625,15.59259974047518,-160.6875,78.125,50.0,80.0,64.36547247933888,38.38136684808877,13525.106065627459,56.71085858585859,88.6857185191836
masodmk,31.1875,13.53621685208488,41.25,40.625,28.57142857142857,50.0,,,,,
materuso1,36.8125,11.81647860687213,-24.6875,50.0,10.0,68.18181818181817,,,,,
mcaleap,37.8125,17.837110191956544,-4.3125,31.25,37.5,25.0,50.1590330709018,20.306441228198832,9280.262687323682,55.06330532212885,65.99523499200919
mcbublick,31.375,11.820180483675648,46.3125,31.25,20.0,50.0,,,,,
mcelal,40.625,14.934858553063032,-6.25,53.125,35.0,83.33333333333334,42.70142130927466,11.155953682526432,6948.644411677055,50.0111977741288,42.51878910367724
mcoskun,34.875,14.619051496819711,-52.3125,78.125,75.0,79.16666666666666,,,,,
mdh0307,38.8125,13.953344879753145,-80.125,81.25,50.0,84.61538461538461,,,,,
mehmeteet,33.875,19.80530232033836,32.0625,65.625,58.333333333333336,87.5,62.549407831791186,27.219717313980414,10832.295519862037,44.41725703490409,64.03780588034022
mesak55,34.1875,15.992576402818903,3.5625,62.5,37.5,87.5,,,,,
mexico-tamaulipas,29.0,13.861216877797322,32.3125,50.0,33.33333333333333,71.42857142857143,,,,,
mhmdkarimi13,34.625,17.906702655709676,18.6875,25.0,14.285714285714285,33.33333333333333,79.16722669711538,33.551018471305596,17490.41661886086,47.13546511627907,70.58257995050758
migloo,25.1875,10.186387976117931,-53.4375,50.0,50.0,50.0,,,,,
miguelhf,35.875,12.732504336016016,21.875,31.25,11.11111111111111,57.14285714285714,73.16485199598947,39.12748895393751,15897.630419895153,85.36346153846154,108.68620908899149
mijat84,31.6875,9.90433406814074,17.8125,46.875,54.54545454545454,30.0,,,,,
mikaone,38.0625,16.82247999949274,23.8125,46.875,43.75,50.0,,,,,
milchvo,32.3125,14.540604068148845,-14.0,59.375,25.0,80.0,,,,,
mimioro,38.125,21.66064018752293,-89.5,53.125,100.0,50.0,,,,,
mirza43,33.3125,13.797191743249783,72.8125,46.875,39.285714285714285,100.0,62.80045865937938,22.1848981688416,13199.86453814171,28.0030959752322,76.41988531032649
misha1910,29.8125,13.327759251527118,-73.125,37.5,25.0,41.66666666666667,66.99799904066917,26.4414286574086,23828.445366511707,51.25925925925926,95.65845993529925
misiek32,28.9375,11.37522893542514,-1.0,56.25,33.33333333333333,66.66666666666666,69.71615049646513,33.42482170986483,14670.280332660477,44.94047619047619,72.34070093849506
mixmau,40.5,19.643489167321235,-140.375,68.75,0.0,73.33333333333333,53.10092284484046,18.644365287251713,17456.09464363953,51.60975935828877,94.85690241231715
mrwoon,38.1875,12.117308557046266,-23.9375,56.25,57.14285714285714,55.55555555555556,,,,,
mtahmad,37.375,17.469497226117678,28.6875,34.375,20.0,58.333333333333336,,,,,
muskokadave,43.5,15.86190404711868,-34.4375,68.75,57.14285714285714,77.77777777777779,66.91193492391783,28.039505493036323,16643.36691093016,146.84393162393164,90.44249736005136
naikus,35.5625,14.751129900225724,-43.4375,50.0,25.0,58.333333333333336,52.6369725949731,21.174805531394572,8994.706773228909,55.46318181818181,66.41832157912475
neopolis,37.4375,18.239037803568475,-58.875,43.75,37.5,45.83333333333333,,,,,
nihad212bobr,31.375,13.35102992281869,26.875,12.5,9.090909090909092,20.0,55.7149097028313,26.493359156626305,10235.246072151416,36.49507575757576,77.58108851751693
nik55,35.625,11.505795641038189,-68.125,68.75,40.0,81.81818181818183,,,,,
nikitin19666,51.5625,17.439299488989423,-125.125,50.0,100.0,42.85714285714285,,,,,
nikola_silni,36.8125,14.349070817768425,80.3125,56.25,50.0,83.33333333333334,,,,,
nikosref1985,33.5625,14.472819352151122,-19.1875,50.0,70.0,40.909090909090914,73.05904690870008,35.54004585801806,27671.42709447525,35.790277777777774,198.6662373745965
nikrik,41.4375,16.800669629511795,-127.9375,59.375,,59.375,45.915453986826535,25.25192953937987,6735.136362200855,30.08265625,50.82465782816623
ninoelle,39.8125,15.153519943124326,-19.8125,46.875,20.0,55.00000000000001,,,,,
nkahara,24.4375,8.808849716809416,46.1875,56.25,70.0,33.33333333333333,,,,,
obanebane,34.9375,12.80348259914726,-88.75,62.5,50.0,66.66666666666666,56.498759628171406,14.453459471262185,13450.338677621701,58.12779973649538,79.67673589449994
oblix,38.8125,21.93693612760603,10.875,56.25,42.85714285714285,66.66666666666666,,,,,
octavia,31.75,11.907980517283358,6.375,31.25,0.0,50.0,,,,,
official_006,35.0,15.209646062066446,85.6875,40.625,31.818181818181817,60.0,,,,,
oleg88,37.625,17.08361788380904,141.4375,25.0,26.666666666666668,0.0,,,,,
olegrun,37.4375,15.213891678331354,-36.8125,62.5,40.0,72.72727272727273,45.33653478357958,23.43007674260155,9927.078042249716,53.87346385498559,46.495163305158115
olimka,24.6875,11.25296257288127,27.125,50.0,36.36363636363637,80.0,,,,,
oquzlar,42.625,16.045248517863474,31.4375,53.125,50.0,50.0,36.7453447295693,12.163959130611191,6036.313132064848,41.0197328009828,42.886053424624365
overshadowed,29.0,10.230672835481872,-37.0,37.5,33.33333333333333,40.0,,,,,
pablo686,29.25,13.674794331177344,-9.25,31.25,22.22222222222222,42.85714285714285,64.22374299729871,33.00054125812444,15698.040182542758,90.57264957264958,105.89799922299923
paconava1,31.1875,11.973408036144097,89.5625,21.875,21.428571428571427,25.0,,,,,
paez86,35.25,17.45279347267938,-84.3125,78.125,70.0,81.81818181818183,70.48679397282922,34.99760661080195,25162.89242211512,52.16559829059829,92.05714759525902
palacio,39.875,11.552056094046634,-16.0,43.75,28.57142857142857,55.55555555555556,49.149873647277545,23.280456602726847,10756.164243828302,44.49530740658837,52.33218321723827
pattawee,32.0,11.735984548955972,6.3125,56.25,57.14285714285714,55.55555555555556,80.84619364808512,46.35436360001521,21556.942419436276,101.68333333333334,80.42969582500832
pavan_8317,29.8125,11.501992580998015,24.25,56.25,58.333333333333336,50.0,,,,,
pawnimpact0007,26.75,11.35194550139608,153.5,25.0,25.0,,,,,,
pedromayor24,33.3125,15.102841895925858,12.5625,65.625,70.0,58.333333333333336,58.51061088980141,29.875891956129703,13173.883994344162,40.4326267281106,139.095050229643
petarspasic,41.25,15.800843859321777,-58.625,46.875,33.33333333333333,50.0,,,,,
phet,39.0625,14.553206977616078,-41.9375,31.25,0.0,38.46153846153847,60.163514799100305,22.767922073074416,14751.15025309985,51.6925925925926,75.72530020339147
picpalac,40.9375,16.270499889882505,86.375,37.5,40.0,0.0,,,,,
piggysmoking96,27.0625,18.03133846021052,-164.375,71.875,100.0,70.0,,,,,
pirja,32.6875,10.84262422110072,85.625,25.0,26.666666666666668,,51.14511326104767,19.6565505070703,7510.171025428274,36.47619047619048,69.010561405389
pistole,42.0,25.115732121520963,-93.875,62.5,70.0,59.09090909090909,,,,,
platonovich,49.4375,13.490583135407206,-7.5,46.875,31.25,62.5,,,,,
player-of-games,31.0625,13.443554837418064,-97.375,78.125,25.0,85.71428571428571,,,,,
poo2004,25.75,10.401922899156675,-4.5625,81.25,75.0,87.5,,,,,
pretenderg1,25.0625,11.2455546772936,-67.0,56.25,0.0,81.81818181818183,77.94142788346149,29.174206265288635,19119.560611669836,55.41176470588236,86.4390370890371
purgin,36.625,13.618002790424152,-129.875,68.75,,68.75,,,,,
pyp0614,40.125,16.989702763733092,-20.6875,34.375,20.0,40.909090909090914,,,,,
rahimtabriz,39.4375,15.785937835090234,-12.875,71.875,75.0,68.75,69.46692352148757,31.854062822307757,18679.861056436097,55.479281844316674,91.35749258415925
rajaav,32.0,11.679041056525149,60.4375,50.0,45.45454545454545,60.0,,,,,
rajah43,43.1875,23.0773157017882,126.375,31.25,33.33333333333333,0.0,77.32051887295283,31.719373582662215,29521.001267711803,59.12446712018141,167.00787154936066
rajesh0970,26.5,10.066445913694334,-17.25,50.0,16.666666666666664,70.0,,,,,
ramindelta,43.75,17.901582797804966,23.125,25.0,22.22222222222222,28.57142857142857,,,,,
rampazira,34.6875,14.060435033573224,-104.375,75.0,,75.0,,,,,
raulsuarez,36.0,13.5400640077266,-105.625,53.125,100.0,50.0,48.221085992370355,21.425756574368435,8917.697986170539,29.442063492063493,56.29124561712797
re-am,27.0,14.412957133542488,-100.8125,62.5,50.0,64.28571428571429,39.78707539624618,26.8696837077829,5912.859212774434,29.4,44.442193362193365
ren100m2,37.375,17.48475526470607,-39.0625,46.875,33.33333333333333,50.0,,,,,
rise_UIED,33.6875,16.312444125063948,-46.8125,53.125,50.0,54.54545454545454,,,,,
rmhcross70,41.5625,21.84786412138877,61.125,34.375,26.923076923076923,66.66666666666666,,,,,
roberto62rc,27.375,13.012173787137437,-1.375,68.75,55.55555555555556,85.71428571428571,,,,,
rodribal,37.4375,16.297111195955356,-8.5625,50.0,37.5,62.5,,,,,
rokokos,37.75,16.00624877977348,-53.75,53.125,33.33333333333333,65.0,,,,,
rolling1,36.0,17.988885457415087,27.4375,56.25,45.45454545454545,80.0,43.556151626113405,19.672857100239995,8245.645128207863,33.96475259844825,46.13928776693335
rpg_rubin,35.3125,23.5590569986718,-5.0,50.0,37.5,62.5,,,,,
rtep,28.0,8.099382692526634,4.0625,53.125,31.25,75.0,,,,,
rzarey,33.4375,11.395722881853525,58.5,31.25,18.181818181818183,60.0,,,,,
safary,33.25,11.868726413000962,-29.8125,43.75,33.33333333333333,50.0,81.87380775640422,35.48472443621746,23589.626291671684,71.42156862745098,122.91715474445738
sag45,32.0,11.236844159579086,-12.625,68.75,42.85714285714285,88.88888888888889,,,,,
saguaro,34.125,16.325338179243538,52.4375,53.125,45.83333333333333,75.0,,,,,
saiedva,34.4375,19.7753002505651,-35.375,68.75,50.0,75.0,64.56311690736806,17.386625408315282,11793.370234096508,313.61694677871145,64.35730157437162
sajjad67,42.0,17.603030042202015,-55.25,81.25,100.0,75.0,,,,,
sam_dobrov,33.625,20.68775805478528,-102.3125,53.125,50.0,50.0,,,,,
sametrik,27.4375,14.338613368569966,-7.5625,43.75,33.33333333333333,57.14285714285714,75.44671872730042,26.190335403845513,16410.23896346447,40.38461538461539,76.55595238095238
saruar,44.375,13.889444433333775,73.25,40.625,26.923076923076923,100.0,38.00400837496208,11.763350780084124,4322.874520720089,28.245032051282053,46.29640238183716
sasanx,37.8125,19.14582199854579,-57.1875,62.5,66.66666666666666,60.0,44.004791775171206,20.95667272110107,8592.098309802495,55.70206133735545,56.720616909410005
saveriog,26.0625,8.51249082231517,-59.8125,56.25,66.66666666666666,53.84615384615385,,,,,
scyy,29.8125,15.14031593681805,5.25,31.25,12.5,50.0,,,,,
semeeh,38.9375,13.645359406528408,91.25,46.875,50.0,33.33333333333333,,,,,
seregin111,34.875,15.041608956491324,-61.375,53.125,25.0,62.5,,,,,
sergiokumic,36.8125,13.121070840445912,76.4375,37.5,28.57142857142857,100.0,,,,,
sergon86,34.1875,13.417494798458712,86.8125,21.875,25.0,0.0,62.98143282114465,29.012801217039524,14467.387455929087,13.168636363636365,67.42445947570947
shahka,38.875,16.596686416269964,-37.625,68.75,83.33333333333334,60.0,,,,,
shakal,38.4375,19.67390403554922,-51.0,59.375,58.333333333333336,60.0,,,,,
shakruk,29.75,10.63014581273465,1.625,50.0,50.0,50.0,60.04389754410103,24.200099169031677,13143.127719647851,30.52777777777777,80.05523169161756
shardulme,34.4375,15.874376628180816,-0.6875,56.25,62.5,50.0,,,,,
shimc,32.3125,17.526052036896385,-86.5,56.25,66.66666666666666,53.84615384615385,,,,,
siltru28,34.1875,20.701751133660167,22.125,34.375,22.22222222222222,50.0,,,,,
silviobogdan,40.0625,18.823633195179585,-23.75,40.625,37.5,43.75,,,,,
sirohach,41.6875,13.93661245305568,-14.75,43.75,38.88888888888889,50.0,42.09323045442842,15.6151884444354,7437.959980141599,65.13102954479766,47.71577682601576
sirvan200,30.625,14.899105118540955,53.75,75.0,75.0,75.0,,,,,
slava55,36.5625,15.314345126928108,11.0,53.125,42.85714285714285,61.11111111111112,55.42929413782405,20.221847467407517,11016.112653840268,47.01186040951296,78.73787688559538
snackypants,34.5625,12.914946121967883,111.8125,18.75,18.75,,,,,,
sop,33.4375,15.64169108504576,-90.625,37.5,0.0,50.0,,,,,
sounder0,37.875,17.461863207191456,-133.3125,50.0,,50.0,,,,,
spear66,35.1875,13.387649781297188,51.9375,46.875,36.36363636363637,70.0,81.93345488440103,41.20095098450895,24401.725738943514,76.68145363408522,130.65965302204796
srkila64,40.375,19.812033380414707,51.5,43.75,38.46153846153847,66.66666666666666,,,,,
ssimonyancz,50.875,14.268263150549664,38.1875,46.875,54.16666666666666,25.0,,,,,
stevefloyd,38.75,15.150357531534803,85.875,40.625,35.0,50.0,,,,,
stig_65,36.5625,14.165539170818738,96.8125,37.5,40.0,0.0,63.68963896946898,22.238466204555106,12112.697831811056,63.848765432098766,72.27368788744205
sting47,33.625,15.986973864159951,-37.875,75.0,87.5,62.5,41.2662078212076,18.031750297270722,6570.902124012041,47.76923076923077,55.889681815768775
stroboctopus,27.0,14.30151507125498,36.1875,68.75,75.0,62.5,,,,,
sullc84,31.25,16.233709783451634,64.8125,31.25,18.181818181818183,60.0,,,,,
swesub,28.875,18.384323031684723,-4.25,50.0,55.55555555555556,42.85714285714285,66.88151660122838,29.643425008832914,15424.554652931949,90.35833333333332,69.30355920960758
sykkelpump,36.8125,13.457185193543758,43.125,34.375,27.27272727272727,50.0,,,,,
tabassomi1977,36.3125,13.690477225672838,23.75,43.75,33.33333333333333,57.14285714285714,,,,,
tafili,27.125,9.294263463735756,-80.8125,37.5,25.0,41.66666666666667,,,,,
tanhayetanha,36.1875,19.55920499406865,46.75,40.625,45.83333333333333,25.0,,,,,
tarnanas,27.4375,6.292522016912879,-3.8125,37.5,16.666666666666664,50.0,55.38117814064424,23.774152691195074,10647.277157336435,,49.009020146520136
theAverageC,25.6875,12.009544815132116,70.5,37.5,38.46153846153847,33.33333333333333,,,,,
thejas,39.25,17.961069010501575,-131.0,71.875,33.33333333333333,80.76923076923077,,,,,
thiaguinho,33.5,12.274635093014645,-34.8125,68.75,50.0,80.0,52.20684024114166,15.347355810381481,8323.49343866893,63.66384615384616,68.0100895183248
titivillus,29.1875,15.57441812717252,85.4375,25.0,30.76923076923077,0.0,,,,,
titoo,38.5,13.890044396377332,-43.6875,40.625,0.0,72.22222222222221,53.351580342506665,15.837362831114216,12029.038436417826,46.93007224257224,54.766620047459625
titopulo,32.75,14.158625168661915,-12.25,50.0,55.55555555555556,42.85714285714285,,,,,
topolecka,39.5625,16.09541860281987,-53.125,46.875,0.0,57.692307692307686,57.542320408455694,24.579135325039772,13007.612883548958,27.63589743589744,65.5892816560011
topolyok,42.0625,18.94366648777369,-66.1875,56.25,50.0,58.333333333333336,54.75934679573444,21.03984540978567,12990.007477688736,42.265491452991455,63.87013540145859
treze_13,33.625,19.141142424979066,26.5,43.75,42.85714285714285,44.44444444444444,53.25515527061206,19.829069035158312,13298.455614014489,40.768253968253966,81.28235636417456
trippinboris,41.5,21.210060505964304,6.875,56.25,60.0,54.54545454545454,,,,,
tsuceara1,35.1875,15.08296500471089,-101.0625,56.25,50.0,57.14285714285714,,,,,
tumursuh,41.5625,12.685786009020752,-62.125,59.375,66.66666666666666,57.692307692307686,38.307181742920434,15.094180398385827,6263.577282280937,40.06016113516114,45.8040029824167
unclewilly,39.5,17.320508075688775,-87.4375,53.125,25.0,62.5,,,,,
urkazacenje,33.0625,16.570933387511197,-33.5,62.5,100.0,50.0,,,,,
uropost,32.875,13.042878005511923,25.8125,46.875,50.0,35.714285714285715,,,,,
v_clava38,36.6875,17.86885092369773,-66.125,43.75,50.0,42.85714285714285,39.869506365391125,23.75697542285827,7244.006096331564,21.700230414746542,61.24207237343267
vald-vald-april,33.0,8.238122763510304,-86.6875,81.25,66.66666666666666,84.61538461538461,43.687360621020034,16.174499935736716,7387.107623004264,99.9,53.03236412746917
valenok,37.375,11.786291472158096,3.4375,37.5,20.0,66.66666666666666,,,,,
valva,46.9375,21.461496530608795,41.75,50.0,45.45454545454545,60.0,37.48363083317653,14.202648572886684,6112.026095880454,30.11059583440669,48.18525602406521
vandaad,37.0,15.701379981814762,39.25,43.75,33.33333333333333,75.0,,,,,
varashh,25.3125,7.905430622890403,25.625,31.25,30.0,33.33333333333333,,,,,
vaspan10,34.375,16.97007169499685,40.125,34.375,30.0,41.66666666666667,,,,,
veyschelik,32.375,14.117955470487455,-23.5625,43.75,14.285714285714285,66.66666666666666,63.39176181334951,23.206751997739136,12195.711848380972,82.93095238095238,107.67469838895728
vigilante,32.0,12.60158720161869,129.5625,25.0,25.0,,89.2485123960697,48.24949328543041,34579.26516690306,70.38095238095238,169.4779970447391
vik8419,36.625,16.268066879626478,80.1875,28.125,28.125,,,,,,
vikt2,36.875,18.0106450004805,1.9375,53.125,31.25,75.0,,,,,
vlada555,44.1875,19.29151367829907,-3.75,68.75,68.75,68.75,49.92366809455295,16.425213517102684,9125.32271232128,43.17004386223618,46.10312135049393
vladimir1949,40.8125,16.4973482717678,-101.5625,68.75,0.0,73.33333333333333,,,,,
vladimir1956,35.25,11.618950038622252,3.8125,31.25,25.0,37.5,46.184369162207545,16.424075758211234,5923.406168312987,60.1193376068376,49.94506497069279
vleone,37.4375,14.40818633046274,-23.875,53.125,50.0,55.55555555555556,69.60208217941403,31.683358149593374,18320.00014192399,52.343597706641184,86.34755605882393
vodoley564,34.5625,8.679237677737987,9.1875,62.5,50.0,83.33333333333334,,,,,
wbrown358,34.0,13.793718377097116,51.0,40.625,31.818181818181817,60.0,62.24750426568249,21.310247715144225,8253.002885899792,39.0,88.56299664195939
whewell,29.5,9.266426855410163,94.125,31.25,33.33333333333333,0.0,,,,,
whynotzoidberg,35.5625,16.136785099062738,22.3125,40.625,27.77777777777778,57.14285714285714,,,,,
wolters,30.0,12.08304597359457,-17.75,62.5,57.14285714285714,66.66666666666666,,,,,
wonderworker,32.75,10.92703070371819,3.6875,43.75,33.33333333333333,57.14285714285714,78.87591182252613,26.65376121749818,20109.08184262465,162.52777777777777,109.69845418743883
wooobeee,39.6875,11.705945782663896,-39.9375,40.625,25.0,45.83333333333333,,,,,
worldwidewoot,33.75,15.29051993883792,-15.625,50.0,37.5,62.5,,,,,
wrey43gr,31.4375,13.78389761037615,35.625,43.75,54.54545454545454,20.0,,,,,
xalilovich,26.6875,15.76797915608296,-29.125,28.125,14.285714285714285,38.88888888888889,,,,,
xmark,31.5,11.195237082497776,69.6875,28.125,29.166666666666668,25.0,,,,,
y_alex,25.3125,10.612688946099697,-39.0625,37.5,25.0,41.66666666666667,,,,,
yanaaa,35.4375,11.67886267293752,10.6875,37.5,12.5,57.14285714285714,64.16506939715842,32.78399020378715,17907.52934454736,43.46031746031746,100.53835110339637
yaser408,38.1875,12.676586028317455,-96.0625,90.625,100.0,87.5,,,,,
yussef,35.6875,14.131377616259968,16.375,75.0,81.81818181818183,60.0,,,,,
yusuftu59,41.5,18.395651660107067,-43.625,68.75,60.0,72.72727272727273,49.790767992241584,20.158787012078882,10273.00878507836,97.19537496886286,109.11247157769992
yyi,33.1875,14.176124294037493,34.3125,43.75,25.0,62.5,,,,,
zeeboy97,29.125,11.774973460691962,2.9375,37.5,14.285714285714285,55.55555555555556,,,,,
zeppi,34.875,13.70097320144327,3.8125,34.375,33.33333333333333,35.714285714285715,,,,,
zey89,40.0,20.79102370415336,-50.6875,43.75,0.0,63.63636363636363,68.22377852653902,25.626730219447403,14130.942159067103,61.01359649122808,86.45039038903849
zinoukako,32.625,10.86814918312528,78.5625,37.5,30.76923076923077,66.66666666666666,,,,,
zorankal57,40.0,15.802953310483876,-113.9375,81.25,,81.25,33.93523794288616,14.72713855893772,4175.17408599747,27.16215559802517,39.16668838802794
